"","Term","Overlap","P.value","Adjusted.P.value","Old.P.value","Old.Adjusted.P.value","Odds.Ratio","Combined.Score","Genes"
"1","testosterone-5636-dn","3/100",0.000972629455166433,0.17772061456847,0,0,17.0652920962199,118.356459198027,"CHST7;CLIP4;ARSB"
"2","troglitazone-1012-dn","3/100",0.000972629455166433,0.17772061456847,0,0,17.0652920962199,118.356459198027,"C1ORF216;CLIP4;RAB8B"
"3","gabapentin-3472-dn","3/100",0.000972629455166433,0.17772061456847,0,0,17.0652920962199,118.356459198027,"C1ORF216;CHST7;ARSB"
"4","dilazep-2333-dn","3/100",0.000972629455166433,0.17772061456847,0,0,17.0652920962199,118.356459198027,"SLFN12;FHL3;ARSB"
"5","CP-944629-7549-dn","2/100",0.0162624064321538,0.17772061456847,0,0,10.9558742415885,45.1261415257865,"GPR176;CLIP4"
"6","tyloxapol-3074-dn","2/100",0.0162624064321538,0.17772061456847,0,0,10.9558742415885,45.1261415257865,"PERP;FHL3"
"7","lasalocid-6639-dn","2/100",0.0162624064321538,0.17772061456847,0,0,10.9558742415885,45.1261415257865,"CYBRD1;ARSB"
"8","benperidol-4196-dn","2/100",0.0162624064321538,0.17772061456847,0,0,10.9558742415885,45.1261415257865,"ARHGAP22;CYBRD1"
"9","vincamine-2367-dn","2/100",0.0162624064321538,0.17772061456847,0,0,10.9558742415885,45.1261415257865,"SLFN12;ARSB"
"10","coralyne-1298-dn","2/100",0.0162624064321538,0.17772061456847,0,0,10.9558742415885,45.1261415257865,"DOK1;BCAT1"
"11","benzamil-3635-dn","2/100",0.0162624064321538,0.17772061456847,0,0,10.9558742415885,45.1261415257865,"GPR176;ATP10D"
"12","palmatine-2138-dn","2/100",0.0162624064321538,0.17772061456847,0,0,10.9558742415885,45.1261415257865,"FHL3;ARSB"
"13","iohexol-5704-dn","2/100",0.0162624064321538,0.17772061456847,0,0,10.9558742415885,45.1261415257865,"ATP10D;CLIP4"
"14","cefsulodin-4067-dn","2/100",0.0162624064321538,0.17772061456847,0,0,10.9558742415885,45.1261415257865,"ARHGAP22;CYBRD1"
"15","hydrocotarnine-6827-dn","2/100",0.0162624064321538,0.17772061456847,0,0,10.9558742415885,45.1261415257865,"CHST7;CLIP4"
"16","tamoxifen-2050-dn","2/100",0.0162624064321538,0.17772061456847,0,0,10.9558742415885,45.1261415257865,"CLIP4;RAB8B"
"17","helveticoside-3770-dn","2/100",0.0162624064321538,0.17772061456847,0,0,10.9558742415885,45.1261415257865,"ARHGAP22;ATP10D"
"18","demecolcine-1103-dn","2/100",0.0162624064321538,0.17772061456847,0,0,10.9558742415885,45.1261415257865,"C1ORF216;RAB8B"
"19","ethoxyquin-3764-dn","2/100",0.0162624064321538,0.17772061456847,0,0,10.9558742415885,45.1261415257865,"ARHGAP22;CYBRD1"
"20","adiphenine-1831-dn","2/100",0.0162624064321538,0.17772061456847,0,0,10.9558742415885,45.1261415257865,"GPR176;WNT5B"
"21","terbutaline-3202-dn","2/100",0.0162624064321538,0.17772061456847,0,0,10.9558742415885,45.1261415257865,"CHST7;CLIP4"
"22","phenylpropanolamine-3217-dn","2/100",0.0162624064321538,0.17772061456847,0,0,10.9558742415885,45.1261415257865,"CHST7;ARSB"
"23","N-acetyl-L-aspartic acid-4007-dn","2/100",0.0162624064321538,0.17772061456847,0,0,10.9558742415885,45.1261415257865,"CYBRD1;ARSB"
"24","staurosporine-508-dn","2/100",0.0162624064321538,0.17772061456847,0,0,10.9558742415885,45.1261415257865,"CYBRD1;RAB8B"
"25","docosahexaenoic acid ethyl ester-664-dn","2/100",0.0162624064321538,0.17772061456847,0,0,10.9558742415885,45.1261415257865,"CHST7;ARSB"
"26","citalopram-4377-dn","2/100",0.0162624064321538,0.17772061456847,0,0,10.9558742415885,45.1261415257865,"ATP10D;CLIP4"
"27","benfotiamine-2177-dn","2/100",0.0162624064321538,0.17772061456847,0,0,10.9558742415885,45.1261415257865,"TCP11L1;ARSB"
"28","beta-escin-4544-dn","2/100",0.0162624064321538,0.17772061456847,0,0,10.9558742415885,45.1261415257865,"CLIP4;CYBRD1"
"29","proxyphylline-3115-dn","2/100",0.0162624064321538,0.17772061456847,0,0,10.9558742415885,45.1261415257865,"SLFN12;PERP"
"30","demeclocycline-3706-dn","2/100",0.0162624064321538,0.17772061456847,0,0,10.9558742415885,45.1261415257865,"ARHGAP22;CYBRD1"
"31","ofloxacin-2340-dn","2/100",0.0162624064321538,0.17772061456847,0,0,10.9558742415885,45.1261415257865,"SLFN12;ARSB"
"32","lumicolchicine-1317-dn","2/100",0.0162624064321538,0.17772061456847,0,0,10.9558742415885,45.1261415257865,"BCAT1;RAB8B"
"33","diprophylline-5482-dn","2/100",0.0162624064321538,0.17772061456847,0,0,10.9558742415885,45.1261415257865,"CHST7;ARSB"
"34","piretanide-3567-dn","2/100",0.0162624064321538,0.17772061456847,0,0,10.9558742415885,45.1261415257865,"GPR176;CHST7"
"35","chrysin-3106-dn","2/100",0.0162624064321538,0.17772061456847,0,0,10.9558742415885,45.1261415257865,"ATP10D;PHTF1"
"36","medrysone-3705-dn","2/100",0.0162624064321538,0.17772061456847,0,0,10.9558742415885,45.1261415257865,"CYBRD1;ARSB"
"37","nordihydroguaiaretic acid-6182-dn","2/100",0.0162624064321538,0.17772061456847,0,0,10.9558742415885,45.1261415257865,"ARSB;RAB8B"
"38","ethionamide-2495-dn","2/100",0.0162624064321538,0.17772061456847,0,0,10.9558742415885,45.1261415257865,"CHST7;ATP10D"
"39","sulfamethizole-2536-dn","2/100",0.0162624064321538,0.17772061456847,0,0,10.9558742415885,45.1261415257865,"SLFN12;ARSB"
"40","meglumine-3068-dn","2/100",0.0162624064321538,0.17772061456847,0,0,10.9558742415885,45.1261415257865,"PERP;FHL3"
"41","STOCK1N-28457-6869-dn","2/100",0.0162624064321538,0.17772061456847,0,0,10.9558742415885,45.1261415257865,"ARSB;RAB8B"
"42","sirolimus-5218-dn","2/100",0.0162624064321538,0.17772061456847,0,0,10.9558742415885,45.1261415257865,"CHST7;ARSB"
"43","pentoxyverine-1268-dn","2/100",0.0162624064321538,0.17772061456847,0,0,10.9558742415885,45.1261415257865,"BCAT1;RAB8B"
"44","minocycline-5077-dn","2/100",0.0162624064321538,0.17772061456847,0,0,10.9558742415885,45.1261415257865,"CLIP4;CYBRD1"
"45","etofenamate-3989-dn","2/100",0.0162624064321538,0.17772061456847,0,0,10.9558742415885,45.1261415257865,"ARHGAP22;ARSB"
"46","trichostatin A-2208-dn","2/100",0.0162624064321538,0.17772061456847,0,0,10.9558742415885,45.1261415257865,"CHST7;ARSB"
"47","cotinine-5611-dn","2/100",0.0162624064321538,0.17772061456847,0,0,10.9558742415885,45.1261415257865,"CLIP4;RAB8B"
"48","dapsone-5498-dn","2/100",0.0162624064321538,0.17772061456847,0,0,10.9558742415885,45.1261415257865,"CHST7;ARSB"
"49","anisomycin-1304-dn","2/100",0.0162624064321538,0.17772061456847,0,0,10.9558742415885,45.1261415257865,"C1ORF216;CALHM2"
"50","pinacidil-6356-dn","2/100",0.0162624064321538,0.17772061456847,0,0,10.9558742415885,45.1261415257865,"ATP10D;CLIP4"
"51","clebopride-1292-dn","2/100",0.0162624064321538,0.17772061456847,0,0,10.9558742415885,45.1261415257865,"FHL3;RAB8B"
"52","protoveratrine A-2800-dn","2/100",0.0162624064321538,0.17772061456847,0,0,10.9558742415885,45.1261415257865,"CHST7;ARSB"
"53","fursultiamine-2929-dn","2/100",0.0162624064321538,0.17772061456847,0,0,10.9558742415885,45.1261415257865,"CYBRD1;RAB8B"
"54","oleandomycin-5676-dn","2/100",0.0162624064321538,0.17772061456847,0,0,10.9558742415885,45.1261415257865,"ATP10D;CLIP4"
"55","trimethoprim-2345-dn","2/100",0.0162624064321538,0.17772061456847,0,0,10.9558742415885,45.1261415257865,"SLFN12;RAB8B"
"56","florfenicol-5300-dn","2/100",0.0162624064321538,0.17772061456847,0,0,10.9558742415885,45.1261415257865,"CHST7;RAB8B"
"57","tiaprofenic acid-2852-dn","2/100",0.0162624064321538,0.17772061456847,0,0,10.9558742415885,45.1261415257865,"CHST7;CLIP4"
"58","thioperamide-5635-dn","2/100",0.0162624064321538,0.17772061456847,0,0,10.9558742415885,45.1261415257865,"GPR176;CLIP4"
"59","chloropyrazine-3570-dn","2/100",0.0162624064321538,0.17772061456847,0,0,10.9558742415885,45.1261415257865,"GPR176;CHST7"
"60","methanthelinium bromide-3560-dn","2/100",0.0162624064321538,0.17772061456847,0,0,10.9558742415885,45.1261415257865,"CHST7;ATP10D"
"61","citiolone-6031-dn","2/100",0.0162624064321538,0.17772061456847,0,0,10.9558742415885,45.1261415257865,"DOK1;CLIP4"
"62","riluzole-3666-dn","2/100",0.0162624064321538,0.17772061456847,0,0,10.9558742415885,45.1261415257865,"ARHGAP22;ARSB"
"63","levodopa-4571-dn","2/100",0.0162624064321538,0.17772061456847,0,0,10.9558742415885,45.1261415257865,"GPR176;CYBRD1"
"64","cicloheximide-3464-dn","2/100",0.0162624064321538,0.17772061456847,0,0,10.9558742415885,45.1261415257865,"PHTF1;RAB8B"
"65","furosemide-3197-dn","2/100",0.0162624064321538,0.17772061456847,0,0,10.9558742415885,45.1261415257865,"CHST7;CLIP4"
"66","chlortalidone-6800-dn","2/100",0.0162624064321538,0.17772061456847,0,0,10.9558742415885,45.1261415257865,"CHST7;ATP10D"
"67","cotinine-1511-dn","2/100",0.0162624064321538,0.17772061456847,0,0,10.9558742415885,45.1261415257865,"PERP;RAB8B"
"68","pentolonium-3676-dn","2/100",0.0162624064321538,0.17772061456847,0,0,10.9558742415885,45.1261415257865,"ARHGAP22;ARSB"
"69","furazolidone-4178-dn","2/100",0.0162624064321538,0.17772061456847,0,0,10.9558742415885,45.1261415257865,"GPR176;ARSB"
"70","indometacin-2377-dn","2/100",0.0162624064321538,0.17772061456847,0,0,10.9558742415885,45.1261415257865,"FHL3;RAB8B"
"71","vancomycin-2498-dn","2/100",0.0162624064321538,0.17772061456847,0,0,10.9558742415885,45.1261415257865,"SLFN12;CHST7"
"72","Prestwick-665-2186-dn","2/100",0.0162624064321538,0.17772061456847,0,0,10.9558742415885,45.1261415257865,"SLFN12;FHL3"
"73","ifenprodil-5463-dn","2/100",0.0162624064321538,0.17772061456847,0,0,10.9558742415885,45.1261415257865,"ARSB;RAB8B"
"74","meropenem-3564-dn","2/100",0.0162624064321538,0.17772061456847,0,0,10.9558742415885,45.1261415257865,"GPR176;CHST7"
"75","metoclopramide-2315-dn","2/100",0.0162624064321538,0.17772061456847,0,0,10.9558742415885,45.1261415257865,"ATP10D;ARSB"
"76","streptozocin-7193-dn","2/100",0.0162624064321538,0.17772061456847,0,0,10.9558742415885,45.1261415257865,"ARSB;RAB8B"
"77","gallamine triethiodide-2221-dn","2/100",0.0162624064321538,0.17772061456847,0,0,10.9558742415885,45.1261415257865,"CHST7;ARSB"
"78","rilmenidine-5107-dn","2/100",0.0162624064321538,0.17772061456847,0,0,10.9558742415885,45.1261415257865,"CYBRD1;ARSB"
"79","flurbiprofen-3095-dn","2/100",0.0162624064321538,0.17772061456847,0,0,10.9558742415885,45.1261415257865,"PERP;FHL3"
"80","sulfadimidine-2560-dn","2/100",0.0162624064321538,0.17772061456847,0,0,10.9558742415885,45.1261415257865,"SLFN12;ATP10D"
"81","minocycline-5496-dn","2/100",0.0162624064321538,0.17772061456847,0,0,10.9558742415885,45.1261415257865,"CHST7;RAB8B"
"82","sirolimus-1207-dn","2/100",0.0162624064321538,0.17772061456847,0,0,10.9558742415885,45.1261415257865,"CHST7;CLIP4"
"83","benzylpenicillin-3577-dn","2/100",0.0162624064321538,0.17772061456847,0,0,10.9558742415885,45.1261415257865,"GPR176;ATP10D"
"84","nizatidine-6305-dn","2/100",0.0162624064321538,0.17772061456847,0,0,10.9558742415885,45.1261415257865,"GPR176;RAB8B"
"85","proglumide-3780-up","5/100",1.42122401044918e-06,0.0016933884084502,0,0,30.7523219814241,414.049019551908,"DOK1;NRP2;SYT11;BCAT1;PML"
"86","proguanil-3505-up","5/100",1.42122401044918e-06,0.0016933884084502,0,0,30.7523219814241,414.049019551908,"ITGB3;TCP11L1;ELL2;IFFO1;PML"
"87","Prestwick-675-3682-up","4/100",4.23048246913471e-05,0.020162479447896,0,0,23.6488095238095,238.157923950891,"DOCK10;ITGB3;CYBRD1;PDLIM4"
"88","norfloxacin-5985-up","4/100",4.23048246913471e-05,0.020162479447896,0,0,23.6488095238095,238.157923950891,"ITGB3;AKT3;BCAT1;PML"
"89","tetraethylenepentamine-498-up","4/100",4.23048246913471e-05,0.020162479447896,0,0,23.6488095238095,238.157923950891,"NRP2;STX2;PDLIM4;PML"
"90","oxolinic acid-2266-up","3/100",0.000972629455166433,0.0297150768161745,0,0,17.0652920962199,118.356459198027,"CSF1;BCAT1;PDLIM4"
"91","dropropizine-5106-up","3/100",0.000972629455166433,0.0297150768161745,0,0,17.0652920962199,118.356459198027,"DOK1;CSF1;COL8A1"
"92","trichostatin A-1014-up","3/100",0.000972629455166433,0.0297150768161745,0,0,17.0652920962199,118.356459198027,"SYT11;ELL2;RAB8B"
"93","levonorgestrel-3708-up","3/100",0.000972629455166433,0.0297150768161745,0,0,17.0652920962199,118.356459198027,"CSF1;FHL3;PML"
"94","pizotifen-6513-up","3/100",0.000972629455166433,0.0297150768161745,0,0,17.0652920962199,118.356459198027,"BTN2A2;ITGB3;IFFO1"
"95","foliosidine-3636-up","3/100",0.000972629455166433,0.0297150768161745,0,0,17.0652920962199,118.356459198027,"BCAT1;ELL2;PML"
"96","desoxycortone-6476-up","3/100",0.000972629455166433,0.0297150768161745,0,0,17.0652920962199,118.356459198027,"NRP2;TCP11L1;COL8A1"
"97","fusidic acid-5353-up","3/100",0.000972629455166433,0.0297150768161745,0,0,17.0652920962199,118.356459198027,"DOK1;TCP11L1;ARSB"
"98","hydrastinine-5075-up","3/100",0.000972629455166433,0.0297150768161745,0,0,17.0652920962199,118.356459198027,"NRP2;TCP11L1;PML"
"99","corynanthine-4227-up","3/100",0.000972629455166433,0.0297150768161745,0,0,17.0652920962199,118.356459198027,"NAV3;PDLIM4;PML"
"100","diprophylline-5063-up","3/100",0.000972629455166433,0.0297150768161745,0,0,17.0652920962199,118.356459198027,"DOCK10;WNT5B;NAV3"
"101","amylocaine-1991-up","3/100",0.000972629455166433,0.0297150768161745,0,0,17.0652920962199,118.356459198027,"NRP2;TCP11L1;RAB8B"
"102","pioglitazone-5977-up","3/100",0.000972629455166433,0.0297150768161745,0,0,17.0652920962199,118.356459198027,"NRP2;CSF1;IFFO1"
"103","bromopride-3719-up","3/100",0.000972629455166433,0.0297150768161745,0,0,17.0652920962199,118.356459198027,"DOK1;WNT5B;SYT11"
"104","glimepiride-4973-up","3/100",0.000972629455166433,0.0297150768161745,0,0,17.0652920962199,118.356459198027,"DOCK10;TCP11L1;PML"
"105","ramipril-6792-up","3/100",0.000972629455166433,0.0297150768161745,0,0,17.0652920962199,118.356459198027,"DOK1;CCDC88A;BTN2A2"
"106","carbamazepine-952-up","3/100",0.000972629455166433,0.0297150768161745,0,0,17.0652920962199,118.356459198027,"BTN2A2;TCP11L1;STX2"
"107","carbamazepine-1683-up","3/100",0.000972629455166433,0.0297150768161745,0,0,17.0652920962199,118.356459198027,"CHST7;ARSB;PML"
"108","chlorpropamide-6291-up","3/100",0.000972629455166433,0.0297150768161745,0,0,17.0652920962199,118.356459198027,"CCDC88A;NRP2;ARSB"
"109","medrysone-3705-up","3/100",0.000972629455166433,0.0297150768161745,0,0,17.0652920962199,118.356459198027,"NRP2;SYT11;PDLIM4"
"110","spiramycin-2558-up","3/100",0.000972629455166433,0.0297150768161745,0,0,17.0652920962199,118.356459198027,"CSF1;TCP11L1;COL8A1"
"111","valproic acid-1047-up","3/100",0.000972629455166433,0.0297150768161745,0,0,17.0652920962199,118.356459198027,"CCDC88A;BTN2A2;STX2"
"112","mepacrine-3179-up","3/100",0.000972629455166433,0.0297150768161745,0,0,17.0652920962199,118.356459198027,"BTN2A2;TCP11L1;PDLIM4"
"113","rifabutin-4349-up","3/100",0.000972629455166433,0.0297150768161745,0,0,17.0652920962199,118.356459198027,"CCDC88A;BTN2A2;RAB8B"
"114","N-acetyl-L-leucine-4622-up","3/100",0.000972629455166433,0.0297150768161745,0,0,17.0652920962199,118.356459198027,"ITGB3;CYBRD1;PML"
"115","nifenazone-2285-up","3/100",0.000972629455166433,0.0297150768161745,0,0,17.0652920962199,118.356459198027,"NRP2;TCP11L1;PDLIM4"
"116","PF-00539758-00-6379-up","3/100",0.000972629455166433,0.0297150768161745,0,0,17.0652920962199,118.356459198027,"ITGB3;TCP11L1;IFFO1"
"117","nicardipine-6297-up","3/100",0.000972629455166433,0.0297150768161745,0,0,17.0652920962199,118.356459198027,"CSF1;STX2;PML"
"118","(-)-atenolol-3067-up","3/100",0.000972629455166433,0.0297150768161745,0,0,17.0652920962199,118.356459198027,"BTN2A2;ITGB3;PDLIM4"
"119","guanethidine-5731-up","3/100",0.000972629455166433,0.0297150768161745,0,0,17.0652920962199,118.356459198027,"CALHM2;ITGB3;AKT3"
"120","sulfanilamide-4474-up","3/100",0.000972629455166433,0.0297150768161745,0,0,17.0652920962199,118.356459198027,"DOK1;ITGB3;PDLIM4"
"121","phenindione-5991-up","3/100",0.000972629455166433,0.0297150768161745,0,0,17.0652920962199,118.356459198027,"BTN2A2;TCP11L1;PML"
"122","Prestwick-920-5475-up","3/100",0.000972629455166433,0.0297150768161745,0,0,17.0652920962199,118.356459198027,"GPR176;STX2;PML"
"123","Prestwick-857-3016-up","3/100",0.000972629455166433,0.0297150768161745,0,0,17.0652920962199,118.356459198027,"CHST7;CSF1;PML"
"124","4,5-dianilinophthalimide-578-up","3/100",0.000972629455166433,0.0297150768161745,0,0,17.0652920962199,118.356459198027,"CSF1;TCP11L1;PHTF1"
"125","clidinium bromide-6837-up","3/100",0.000972629455166433,0.0297150768161745,0,0,17.0652920962199,118.356459198027,"DOCK10;GPR176;TCP11L1"
"126","10-methoxyharmalan-5455-up","3/100",0.000972629455166433,0.0297150768161745,0,0,17.0652920962199,118.356459198027,"ITGB3;BCAT1;PML"
"127","cefalexin-2628-up","3/100",0.000972629455166433,0.0297150768161745,0,0,17.0652920962199,118.356459198027,"DOK1;ITGB3;STX2"
"128","alcuronium chloride-4409-up","3/100",0.000972629455166433,0.0297150768161745,0,0,17.0652920962199,118.356459198027,"CSF1;CDK14;PML"
"129","imipenem-2873-up","3/100",0.000972629455166433,0.0297150768161745,0,0,17.0652920962199,118.356459198027,"ITGB3;AKT3;PDLIM4"
"130","H-7-5941-up","3/100",0.000972629455166433,0.0297150768161745,0,0,17.0652920962199,118.356459198027,"ITGB3;TCP11L1;CDK14"
"131","butyl hydroxybenzoate-5608-up","3/100",0.000972629455166433,0.0297150768161745,0,0,17.0652920962199,118.356459198027,"ITGB3;TCP11L1;IFFO1"
"132","delsoline-7212-up","3/100",0.000972629455166433,0.0297150768161745,0,0,17.0652920962199,118.356459198027,"BTN2A2;CLIP4;TCP11L1"
"133","miconazole-4960-up","3/100",0.000972629455166433,0.0297150768161745,0,0,17.0652920962199,118.356459198027,"CSF1;ATP10D;TCP11L1"
"134","diphenylpyraline-4765-up","3/100",0.000972629455166433,0.0297150768161745,0,0,17.0652920962199,118.356459198027,"GPR176;AKT3;TCP11L1"
"135","C-75-6399-up","3/100",0.000972629455166433,0.0297150768161745,0,0,17.0652920962199,118.356459198027,"DOCK10;DOK1;BCAT1"
"136","PNU-0293363-6563-up","3/100",0.000972629455166433,0.0297150768161745,0,0,17.0652920962199,118.356459198027,"ARHGAP22;NRP2;BTN2A2"
"137","azathioprine-5262-up","3/100",0.000972629455166433,0.0297150768161745,0,0,17.0652920962199,118.356459198027,"SYT11;ITGB3;AKT3"
"138","adipiodone-5085-up","3/100",0.000972629455166433,0.0297150768161745,0,0,17.0652920962199,118.356459198027,"ARHGAP22;ITGB3;PML"
"139","roxithromycin-3331-up","3/100",0.000972629455166433,0.0297150768161745,0,0,17.0652920962199,118.356459198027,"SYT11;ITGB3;ELL2"
"140","thiocolchicoside-5520-up","3/100",0.000972629455166433,0.0297150768161745,0,0,17.0652920962199,118.356459198027,"CSF1;ITGB3;AKT3"
"141","sirolimus-6201-up","3/100",0.000972629455166433,0.0297150768161745,0,0,17.0652920962199,118.356459198027,"STX2;PDLIM4;ELL2"
"142","spectinomycin-4773-up","3/100",0.000972629455166433,0.0297150768161745,0,0,17.0652920962199,118.356459198027,"DOK1;IFFO1;PML"
"143","cyclopenthiazide-2905-up","3/100",0.000972629455166433,0.0297150768161745,0,0,17.0652920962199,118.356459198027,"BTN2A2;TCP11L1;PML"
"144","C-75-6423-up","3/100",0.000972629455166433,0.0297150768161745,0,0,17.0652920962199,118.356459198027,"NAV3;ITGB3;CDK14"
"145","hyoscyamine-5524-up","3/100",0.000972629455166433,0.0297150768161745,0,0,17.0652920962199,118.356459198027,"DOK1;SYT11;ITGB3"
"146","lisuride-6682-up","3/100",0.000972629455166433,0.0297150768161745,0,0,17.0652920962199,118.356459198027,"DOCK10;ITGB3;TCP11L1"
"147","tiaprofenic acid-4171-up","3/100",0.000972629455166433,0.0297150768161745,0,0,17.0652920962199,118.356459198027,"ITGB3;ELL2;PML"
"148","telenzepine-5521-up","3/100",0.000972629455166433,0.0297150768161745,0,0,17.0652920962199,118.356459198027,"SYT11;CDK14;IFFO1"
"149","clioquinol-5258-up","3/100",0.000972629455166433,0.0297150768161745,0,0,17.0652920962199,118.356459198027,"DOCK10;SYT11;BCAT1"
"150","skimmianine-6066-up","3/100",0.000972629455166433,0.0297150768161745,0,0,17.0652920962199,118.356459198027,"DOCK10;ITGB3;PML"
"151","PHA-00745360-3824-up","3/100",0.000972629455166433,0.0297150768161745,0,0,17.0652920962199,118.356459198027,"FHL3;PDLIM4;PML"
"152","conessine-4777-up","3/100",0.000972629455166433,0.0297150768161745,0,0,17.0652920962199,118.356459198027,"SYT11;TCP11L1;PML"
"153","fenbufen-3721-up","3/100",0.000972629455166433,0.0297150768161745,0,0,17.0652920962199,118.356459198027,"NRP2;ITGB3;PML"
"154","ribostamycin-6765-up","3/100",0.000972629455166433,0.0297150768161745,0,0,17.0652920962199,118.356459198027,"ITGB3;AKT3;PML"
"155","valproic acid-5569-up","3/100",0.000972629455166433,0.0297150768161745,0,0,17.0652920962199,118.356459198027,"DOK1;GPR176;ITGB3"
"156","Prestwick-664-3715-up","3/100",0.000972629455166433,0.0297150768161745,0,0,17.0652920962199,118.356459198027,"DOK1;NRP2;NAV3"
"157","econazole-7305-up","3/100",0.000972629455166433,0.0297150768161745,0,0,17.0652920962199,118.356459198027,"CSF1;SYT11;COL8A1"
"158","trichostatin A-1050-up","3/100",0.000972629455166433,0.0297150768161745,0,0,17.0652920962199,118.356459198027,"BTN2A2;STX2;RAB8B"
"159","napelline-6084-up","3/100",0.000972629455166433,0.0297150768161745,0,0,17.0652920962199,118.356459198027,"CSF1;ITGB3;PML"
"160","profenamine-6697-up","3/100",0.000972629455166433,0.0297150768161745,0,0,17.0652920962199,118.356459198027,"GPR176;CSF1;IFFO1"
"161","benzbromarone-1291-up","3/100",0.000972629455166433,0.0297150768161745,0,0,17.0652920962199,118.356459198027,"TCP11L1;BCAT1;ELL2"
"162","napelline-4486-up","3/100",0.000972629455166433,0.0297150768161745,0,0,17.0652920962199,118.356459198027,"NRP2;CSF1;FHL3"
"163","Prestwick-1084-6767-up","2/100",0.0162624064321538,0.0716327440440343,0,0,10.9558742415885,45.1261415257865,"DOK1;ITGB3"
"164","netilmicin-7302-up","2/100",0.0162624064321538,0.0716327440440343,0,0,10.9558742415885,45.1261415257865,"GPR176;CALHM2"
"165","fludrocortisone-2328-up","2/100",0.0162624064321538,0.0716327440440343,0,0,10.9558742415885,45.1261415257865,"ITGB3;PDLIM4"
"166","methyldopa-5272-up","2/100",0.0162624064321538,0.0716327440440343,0,0,10.9558742415885,45.1261415257865,"SYT11;PML"
"167","amoxicillin-2620-up","2/100",0.0162624064321538,0.0716327440440343,0,0,10.9558742415885,45.1261415257865,"CSF1;SYT11"
"168","lidoflazine-3201-up","2/100",0.0162624064321538,0.0716327440440343,0,0,10.9558742415885,45.1261415257865,"NRP2;ITGB3"
"169","tiabendazole-2479-up","2/100",0.0162624064321538,0.0716327440440343,0,0,10.9558742415885,45.1261415257865,"ITGB3;TCP11L1"
"170","tiapride-2292-up","2/100",0.0162624064321538,0.0716327440440343,0,0,10.9558742415885,45.1261415257865,"COL8A1;PML"
"171","4-hydroxyphenazone-1497-up","2/100",0.0162624064321538,0.0716327440440343,0,0,10.9558742415885,45.1261415257865,"NRP2;IFFO1"
"172","etifenin-2477-up","2/100",0.0162624064321538,0.0716327440440343,0,0,10.9558742415885,45.1261415257865,"TCP11L1;PML"
"173","valproic acid-1665-up","2/100",0.0162624064321538,0.0716327440440343,0,0,10.9558742415885,45.1261415257865,"DOK1;PML"
"174","chlorcyclizine-4367-up","2/100",0.0162624064321538,0.0716327440440343,0,0,10.9558742415885,45.1261415257865,"COL8A1;PML"
"175","ornidazole-5064-up","2/100",0.0162624064321538,0.0716327440440343,0,0,10.9558742415885,45.1261415257865,"NRP2;COL8A1"
"176","sodium phenylbutyrate-411-up","2/100",0.0162624064321538,0.0716327440440343,0,0,10.9558742415885,45.1261415257865,"DOCK10;BCAT1"
"177","zimeldine-1930-up","2/100",0.0162624064321538,0.0716327440440343,0,0,10.9558742415885,45.1261415257865,"ELL2;IFFO1"
"178","trichostatin A-992-up","2/100",0.0162624064321538,0.0716327440440343,0,0,10.9558742415885,45.1261415257865,"BTN2A2;SYT11"
"179","phentolamine-4336-up","2/100",0.0162624064321538,0.0716327440440343,0,0,10.9558742415885,45.1261415257865,"DOK1;ITGB3"
"180","amiloride-3990-up","2/100",0.0162624064321538,0.0716327440440343,0,0,10.9558742415885,45.1261415257865,"DOCK10;IFFO1"
"181","hesperidin-2648-up","2/100",0.0162624064321538,0.0716327440440343,0,0,10.9558742415885,45.1261415257865,"DOCK10;DOK1"
"182","betonicine-3745-up","2/100",0.0162624064321538,0.0716327440440343,0,0,10.9558742415885,45.1261415257865,"DOK1;COL8A1"
"183","gliclazide-5089-up","2/100",0.0162624064321538,0.0716327440440343,0,0,10.9558742415885,45.1261415257865,"CSF1;COL8A1"
"184","haloperidol-5638-up","2/100",0.0162624064321538,0.0716327440440343,0,0,10.9558742415885,45.1261415257865,"ITGB3;PDLIM4"
"185","puromycin-5310-up","2/100",0.0162624064321538,0.0716327440440343,0,0,10.9558742415885,45.1261415257865,"CSF1;BTN2A2"
"186","pempidine-3926-up","2/100",0.0162624064321538,0.0716327440440343,0,0,10.9558742415885,45.1261415257865,"CCDC88A;PML"
"187","pronetalol-2902-up","2/100",0.0162624064321538,0.0716327440440343,0,0,10.9558742415885,45.1261415257865,"TCP11L1;PDLIM4"
"188","LY-294002-6987-up","2/100",0.0162624064321538,0.0716327440440343,0,0,10.9558742415885,45.1261415257865,"CALHM2;PML"
"189","clebopride-2646-up","2/100",0.0162624064321538,0.0716327440440343,0,0,10.9558742415885,45.1261415257865,"CHST7;ITGB3"
"190","hydrocotarnine-6827-up","2/100",0.0162624064321538,0.0716327440440343,0,0,10.9558742415885,45.1261415257865,"ITGB3;TCP11L1"
"191","trichostatin A-5441-up","2/100",0.0162624064321538,0.0716327440440343,0,0,10.9558742415885,45.1261415257865,"SYT11;STX2"
"192","myosmine-3737-up","2/100",0.0162624064321538,0.0716327440440343,0,0,10.9558742415885,45.1261415257865,"NRP2;NAV3"
"193","tolmetin-3347-up","2/100",0.0162624064321538,0.0716327440440343,0,0,10.9558742415885,45.1261415257865,"AKT3;ELL2"
"194","tridihexethyl-5067-up","2/100",0.0162624064321538,0.0716327440440343,0,0,10.9558742415885,45.1261415257865,"DOK1;ITGB3"
"195","allantoin-1678-up","2/100",0.0162624064321538,0.0716327440440343,0,0,10.9558742415885,45.1261415257865,"DOK1;CHST7"
"196","dobutamine-5386-up","2/100",0.0162624064321538,0.0716327440440343,0,0,10.9558742415885,45.1261415257865,"ITGB3;BCAT1"
"197","bacampicillin-4592-up","2/100",0.0162624064321538,0.0716327440440343,0,0,10.9558742415885,45.1261415257865,"NRP2;SYT11"
"198","benserazide-6482-up","2/100",0.0162624064321538,0.0716327440440343,0,0,10.9558742415885,45.1261415257865,"SLFN12;TCP11L1"
"199","dydrogesterone-4254-up","2/100",0.0162624064321538,0.0716327440440343,0,0,10.9558742415885,45.1261415257865,"CSF1;PML"
"200","sulfanilamide-3449-up","2/100",0.0162624064321538,0.0716327440440343,0,0,10.9558742415885,45.1261415257865,"DOK1;PML"
"201","butamben-6093-up","2/100",0.0162624064321538,0.0716327440440343,0,0,10.9558742415885,45.1261415257865,"CCDC88A;COL8A1"
"202","salbutamol-2306-up","2/100",0.0162624064321538,0.0716327440440343,0,0,10.9558742415885,45.1261415257865,"ITGB3;PML"
"203","amiprilose-3339-up","2/100",0.0162624064321538,0.0716327440440343,0,0,10.9558742415885,45.1261415257865,"CCDC88A;SYT11"
"204","josamycin-1534-up","2/100",0.0162624064321538,0.0716327440440343,0,0,10.9558742415885,45.1261415257865,"DOK1;STX2"
"205","valproic acid-409-up","2/100",0.0162624064321538,0.0716327440440343,0,0,10.9558742415885,45.1261415257865,"BCAT1;RAB8B"
"206","diltiazem-5309-up","2/100",0.0162624064321538,0.0716327440440343,0,0,10.9558742415885,45.1261415257865,"DOK1;BTN2A2"
"207","iocetamic acid-4425-up","2/100",0.0162624064321538,0.0716327440440343,0,0,10.9558742415885,45.1261415257865,"CSF1;IFFO1"
"208","citiolone-3836-up","2/100",0.0162624064321538,0.0716327440440343,0,0,10.9558742415885,45.1261415257865,"GPR176;PML"
"209","naftopidil-4193-up","2/100",0.0162624064321538,0.0716327440440343,0,0,10.9558742415885,45.1261415257865,"NRP2;IFFO1"
"210","clidinium bromide-4499-up","2/100",0.0162624064321538,0.0716327440440343,0,0,10.9558742415885,45.1261415257865,"NRP2;CSF1"
"211","brinzolamide-6670-up","2/100",0.0162624064321538,0.0716327440440343,0,0,10.9558742415885,45.1261415257865,"CSF1;ITGB3"
"212","tolfenamic acid-6354-up","2/100",0.0162624064321538,0.0716327440440343,0,0,10.9558742415885,45.1261415257865,"CSF1;IFFO1"
"213","metaraminol-7368-up","2/100",0.0162624064321538,0.0716327440440343,0,0,10.9558742415885,45.1261415257865,"PDLIM4;PML"
"214","trichostatin A-5308-up","2/100",0.0162624064321538,0.0716327440440343,0,0,10.9558742415885,45.1261415257865,"SYT11;STX2"
"215","oxolamine-4969-up","2/100",0.0162624064321538,0.0716327440440343,0,0,10.9558742415885,45.1261415257865,"TCP11L1;CDK14"
"216","rosiglitazone-4457-up","2/100",0.0162624064321538,0.0716327440440343,0,0,10.9558742415885,45.1261415257865,"TCP11L1;PDLIM4"
"217","leflunomide-6102-up","2/100",0.0162624064321538,0.0716327440440343,0,0,10.9558742415885,45.1261415257865,"CSF1;IFFO1"
"218","aminohippuric acid-5394-up","2/100",0.0162624064321538,0.0716327440440343,0,0,10.9558742415885,45.1261415257865,"CLIP4;PML"
"219","ketotifen-1583-up","2/100",0.0162624064321538,0.0716327440440343,0,0,10.9558742415885,45.1261415257865,"CCDC88A;FHL3"
"220","fenspiride-2269-up","2/100",0.0162624064321538,0.0716327440440343,0,0,10.9558742415885,45.1261415257865,"NRP2;CDK14"
"221","tacrine-1278-up","2/100",0.0162624064321538,0.0716327440440343,0,0,10.9558742415885,45.1261415257865,"BCAT1;ELL2"
"222","metformin-5487-up","2/100",0.0162624064321538,0.0716327440440343,0,0,10.9558742415885,45.1261415257865,"NRP2;SYT11"
"223","allantoin-5052-up","2/100",0.0162624064321538,0.0716327440440343,0,0,10.9558742415885,45.1261415257865,"ARHGAP22;ELL2"
"224","oxyphenbutazone-6844-up","2/100",0.0162624064321538,0.0716327440440343,0,0,10.9558742415885,45.1261415257865,"GPR176;TCP11L1"
"225","celecoxib-482-up","2/100",0.0162624064321538,0.0716327440440343,0,0,10.9558742415885,45.1261415257865,"DOCK10;IFFO1"
"226","tocainide-7351-up","2/100",0.0162624064321538,0.0716327440440343,0,0,10.9558742415885,45.1261415257865,"CCDC88A;ELL2"
"227","guanadrel-3438-up","2/100",0.0162624064321538,0.0716327440440343,0,0,10.9558742415885,45.1261415257865,"DOK1;CLIP4"
"228","ivermectin-2051-up","2/100",0.0162624064321538,0.0716327440440343,0,0,10.9558742415885,45.1261415257865,"ARSB;PML"
"229","STOCK1N-35215-6380-up","2/100",0.0162624064321538,0.0716327440440343,0,0,10.9558742415885,45.1261415257865,"NAV3;TCP11L1"
"230","altizide-6089-up","2/100",0.0162624064321538,0.0716327440440343,0,0,10.9558742415885,45.1261415257865,"IFFO1;PML"
"231","noretynodrel-7471-up","2/100",0.0162624064321538,0.0716327440440343,0,0,10.9558742415885,45.1261415257865,"DOK1;CSF1"
"232","riboflavin-6822-up","2/100",0.0162624064321538,0.0716327440440343,0,0,10.9558742415885,45.1261415257865,"GPR176;TCP11L1"
"233","metyrapone-5667-up","2/100",0.0162624064321538,0.0716327440440343,0,0,10.9558742415885,45.1261415257865,"CSF1;BCAT1"
"234","genistein-5595-up","2/100",0.0162624064321538,0.0716327440440343,0,0,10.9558742415885,45.1261415257865,"TCP11L1;PML"
"235","trichostatin A-3791-up","2/100",0.0162624064321538,0.0716327440440343,0,0,10.9558742415885,45.1261415257865,"SYT11;FHL3"
"236","tolmetin-4167-up","2/100",0.0162624064321538,0.0716327440440343,0,0,10.9558742415885,45.1261415257865,"ELL2;PML"
"237","aminophylline-3374-up","2/100",0.0162624064321538,0.0716327440440343,0,0,10.9558742415885,45.1261415257865,"ITGB3;PML"
"238","acetazolamide-7461-up","2/100",0.0162624064321538,0.0716327440440343,0,0,10.9558742415885,45.1261415257865,"ITGB3;PML"
"239","skimmianine-2504-up","2/100",0.0162624064321538,0.0716327440440343,0,0,10.9558742415885,45.1261415257865,"TCP11L1;PDLIM4"
"240","pivampicillin-5465-up","2/100",0.0162624064321538,0.0716327440440343,0,0,10.9558742415885,45.1261415257865,"ITGB3;ELL2"
"241","tubocurarine chloride-5449-up","2/100",0.0162624064321538,0.0716327440440343,0,0,10.9558742415885,45.1261415257865,"AKT3;FHL3"
"242","trichostatin A-1535-up","2/100",0.0162624064321538,0.0716327440440343,0,0,10.9558742415885,45.1261415257865,"CHST7;SYT11"
"243","carbamazepine-1805-up","2/100",0.0162624064321538,0.0716327440440343,0,0,10.9558742415885,45.1261415257865,"ATP10D;ARSB"
"244","norethisterone-7414-up","2/100",0.0162624064321538,0.0716327440440343,0,0,10.9558742415885,45.1261415257865,"ITGB3;PML"
"245","fluphenazine-5597-up","2/100",0.0162624064321538,0.0716327440440343,0,0,10.9558742415885,45.1261415257865,"SYT11;PDLIM4"
"246","fluspirilene-6662-up","2/100",0.0162624064321538,0.0716327440440343,0,0,10.9558742415885,45.1261415257865,"TCP11L1;CYBRD1"
"247","7-aminocephalosporanic acid-3258-up","2/100",0.0162624064321538,0.0716327440440343,0,0,10.9558742415885,45.1261415257865,"GPR176;CDK14"
"248","stachydrine-6805-up","2/100",0.0162624064321538,0.0716327440440343,0,0,10.9558742415885,45.1261415257865,"BCAT1;CDK14"
"249","R-atenolol-4841-up","2/100",0.0162624064321538,0.0716327440440343,0,0,10.9558742415885,45.1261415257865,"CCDC88A;IFFO1"
"250","physostigmine-2768-up","2/100",0.0162624064321538,0.0716327440440343,0,0,10.9558742415885,45.1261415257865,"ITGB3;AKT3"
"251","felodipine-337-up","2/100",0.0162624064321538,0.0716327440440343,0,0,10.9558742415885,45.1261415257865,"STX2;PDLIM4"
"252","carcinine-4809-up","2/100",0.0162624064321538,0.0716327440440343,0,0,10.9558742415885,45.1261415257865,"TCP11L1;STX2"
"253","droperidol-2645-up","2/100",0.0162624064321538,0.0716327440440343,0,0,10.9558742415885,45.1261415257865,"DOK1;TCP11L1"
"254","oxamniquine-2924-up","2/100",0.0162624064321538,0.0716327440440343,0,0,10.9558742415885,45.1261415257865,"TCP11L1;PML"
"255","valdecoxib-6403-up","2/100",0.0162624064321538,0.0716327440440343,0,0,10.9558742415885,45.1261415257865,"DOK1;TCP11L1"
"256","PF-00539745-00-5979-up","2/100",0.0162624064321538,0.0716327440440343,0,0,10.9558742415885,45.1261415257865,"NRP2;CSF1"
"257","valproic acid-346-up","2/100",0.0162624064321538,0.0716327440440343,0,0,10.9558742415885,45.1261415257865,"NRP2;RAB8B"
"258","valproic acid-347-up","2/100",0.0162624064321538,0.0716327440440343,0,0,10.9558742415885,45.1261415257865,"NRP2;RAB8B"
"259","monobenzone-5312-up","2/100",0.0162624064321538,0.0716327440440343,0,0,10.9558742415885,45.1261415257865,"DOK1;TCP11L1"
"260","ketotifen-3200-up","2/100",0.0162624064321538,0.0716327440440343,0,0,10.9558742415885,45.1261415257865,"GPR176;STX2"
"261","sulfinpyrazone-5753-up","2/100",0.0162624064321538,0.0716327440440343,0,0,10.9558742415885,45.1261415257865,"ITGB3;AKT3"
"262","bepridil-1274-up","2/100",0.0162624064321538,0.0716327440440343,0,0,10.9558742415885,45.1261415257865,"ELL2;PML"
"263","ketoprofen-2354-up","2/100",0.0162624064321538,0.0716327440440343,0,0,10.9558742415885,45.1261415257865,"SYT11;TCP11L1"
"264","nomegestrol-6362-up","2/100",0.0162624064321538,0.0716327440440343,0,0,10.9558742415885,45.1261415257865,"NRP2;STX2"
"265","calcium folinate-3703-up","2/100",0.0162624064321538,0.0716327440440343,0,0,10.9558742415885,45.1261415257865,"DOCK10;ITGB3"
"266","ganciclovir-3030-up","2/100",0.0162624064321538,0.0716327440440343,0,0,10.9558742415885,45.1261415257865,"NRP2;PDLIM4"
"267","sulconazole-3373-up","2/100",0.0162624064321538,0.0716327440440343,0,0,10.9558742415885,45.1261415257865,"ITGB3;ELL2"
"268","meclofenoxate-3605-up","2/100",0.0162624064321538,0.0716327440440343,0,0,10.9558742415885,45.1261415257865,"CSF1;ITGB3"
"269","(+/-)-catechin-4837-up","2/100",0.0162624064321538,0.0716327440440343,0,0,10.9558742415885,45.1261415257865,"ITGB3;IFFO1"
"270","demeclocycline-4728-up","2/100",0.0162624064321538,0.0716327440440343,0,0,10.9558742415885,45.1261415257865,"CSF1;TCP11L1"
"271","flufenamic acid-1420-up","2/100",0.0162624064321538,0.0716327440440343,0,0,10.9558742415885,45.1261415257865,"FHL3;ARSB"
"272","yohimbic acid-2803-up","2/100",0.0162624064321538,0.0716327440440343,0,0,10.9558742415885,45.1261415257865,"STX2;PML"
"273","methylprednisolone-6785-up","2/100",0.0162624064321538,0.0716327440440343,0,0,10.9558742415885,45.1261415257865,"DOK1;TCP11L1"
"274","pioglitazone-5930-up","2/100",0.0162624064321538,0.0716327440440343,0,0,10.9558742415885,45.1261415257865,"ARHGAP22;PML"
"275","fipexide-1560-up","2/100",0.0162624064321538,0.0716327440440343,0,0,10.9558742415885,45.1261415257865,"TCP11L1;STX2"
"276","gossypol-4762-up","2/100",0.0162624064321538,0.0716327440440343,0,0,10.9558742415885,45.1261415257865,"NRP2;AKT3"
"277","LY-294002-1652-up","2/100",0.0162624064321538,0.0716327440440343,0,0,10.9558742415885,45.1261415257865,"DOK1;CALHM2"
"278","chlorprothixene-6692-up","2/100",0.0162624064321538,0.0716327440440343,0,0,10.9558742415885,45.1261415257865,"NRP2;CSF1"
"279","mebeverine-6795-up","2/100",0.0162624064321538,0.0716327440440343,0,0,10.9558742415885,45.1261415257865,"DOK1;CDK14"
"280","theophylline-3326-up","2/100",0.0162624064321538,0.0716327440440343,0,0,10.9558742415885,45.1261415257865,"PDLIM4;ELL2"
"281","3-nitropropionic acid-6367-up","2/100",0.0162624064321538,0.0716327440440343,0,0,10.9558742415885,45.1261415257865,"CSF1;AKT3"
"282","ketotifen-5842-up","2/100",0.0162624064321538,0.0716327440440343,0,0,10.9558742415885,45.1261415257865,"CALHM2;TCP11L1"
"283","butacaine-3469-up","2/100",0.0162624064321538,0.0716327440440343,0,0,10.9558742415885,45.1261415257865,"ATP10D;TCP11L1"
"284","sisomicin-4132-up","2/100",0.0162624064321538,0.0716327440440343,0,0,10.9558742415885,45.1261415257865,"ITGB3;ELL2"
"285","haloperidol-1669-up","2/100",0.0162624064321538,0.0716327440440343,0,0,10.9558742415885,45.1261415257865,"NRP2;CLIP4"
"286","emetine-2801-up","2/100",0.0162624064321538,0.0716327440440343,0,0,10.9558742415885,45.1261415257865,"CSF1;BTN2A2"
"287","chlorpromazine-6176-up","2/100",0.0162624064321538,0.0716327440440343,0,0,10.9558742415885,45.1261415257865,"CHST7;STX2"
"288","amprolium-4825-up","2/100",0.0162624064321538,0.0716327440440343,0,0,10.9558742415885,45.1261415257865,"ITGB3;PML"
"289","chlorphenamine-6773-up","2/100",0.0162624064321538,0.0716327440440343,0,0,10.9558742415885,45.1261415257865,"DOK1;TCP11L1"
"290","zoxazolamine-1270-up","2/100",0.0162624064321538,0.0716327440440343,0,0,10.9558742415885,45.1261415257865,"IFFO1;PML"
"291","fludrocortisone-3785-up","2/100",0.0162624064321538,0.0716327440440343,0,0,10.9558742415885,45.1261415257865,"CALHM2;FHL3"
"292","sulmazole-4127-up","2/100",0.0162624064321538,0.0716327440440343,0,0,10.9558742415885,45.1261415257865,"EVC;ELL2"
"293","ethambutol-1900-up","2/100",0.0162624064321538,0.0716327440440343,0,0,10.9558742415885,45.1261415257865,"TCP11L1;STX2"
"294","trichostatin A-4821-up","2/100",0.0162624064321538,0.0716327440440343,0,0,10.9558742415885,45.1261415257865,"CCDC88A;SYT11"
"295","papaverine-2747-up","2/100",0.0162624064321538,0.0716327440440343,0,0,10.9558742415885,45.1261415257865,"DOK1;FHL3"
"296","ioxaglic acid-7470-up","2/100",0.0162624064321538,0.0716327440440343,0,0,10.9558742415885,45.1261415257865,"NRP2;CSF1"
"297","mephentermine-4707-up","2/100",0.0162624064321538,0.0716327440440343,0,0,10.9558742415885,45.1261415257865,"CSF1;PML"
"298","glimepiride-2809-up","2/100",0.0162624064321538,0.0716327440440343,0,0,10.9558742415885,45.1261415257865,"STX2;ELL2"
"299","thioridazine-1986-up","2/100",0.0162624064321538,0.0716327440440343,0,0,10.9558742415885,45.1261415257865,"CALHM2;AKT3"
"300","5213008-898-up","2/100",0.0162624064321538,0.0716327440440343,0,0,10.9558742415885,45.1261415257865,"DOK1;COL8A1"
"301","natamycin-5809-up","2/100",0.0162624064321538,0.0716327440440343,0,0,10.9558742415885,45.1261415257865,"GPR176;SYT11"
"302","nortriptyline-7422-up","2/100",0.0162624064321538,0.0716327440440343,0,0,10.9558742415885,45.1261415257865,"CHST7;PML"
"303","fluvoxamine-4114-up","2/100",0.0162624064321538,0.0716327440440343,0,0,10.9558742415885,45.1261415257865,"ELL2;PML"
"304","nipecotic acid-5999-up","2/100",0.0162624064321538,0.0716327440440343,0,0,10.9558742415885,45.1261415257865,"ITGB3;PML"
"305","hydrocortisone-6684-up","2/100",0.0162624064321538,0.0716327440440343,0,0,10.9558742415885,45.1261415257865,"NRP2;TCP11L1"
"306","cefapirin-2730-up","2/100",0.0162624064321538,0.0716327440440343,0,0,10.9558742415885,45.1261415257865,"GPR176;ARSB"
"307","pempidine-4307-up","2/100",0.0162624064321538,0.0716327440440343,0,0,10.9558742415885,45.1261415257865,"TCP11L1;COL8A1"
"308","apramycin-7334-up","2/100",0.0162624064321538,0.0716327440440343,0,0,10.9558742415885,45.1261415257865,"ARSB;PML"
"309","valproic acid-1020-up","2/100",0.0162624064321538,0.0716327440440343,0,0,10.9558742415885,45.1261415257865,"BTN2A2;ARSB"
"310","levcycloserine-3870-up","2/100",0.0162624064321538,0.0716327440440343,0,0,10.9558742415885,45.1261415257865,"CSF1;AKT3"
"311","trichostatin A-2881-up","2/100",0.0162624064321538,0.0716327440440343,0,0,10.9558742415885,45.1261415257865,"BTN2A2;ELL2"
"312","flumetasone-3610-up","2/100",0.0162624064321538,0.0716327440440343,0,0,10.9558742415885,45.1261415257865,"ITGB3;PML"
"313","pyrantel-5513-up","2/100",0.0162624064321538,0.0716327440440343,0,0,10.9558742415885,45.1261415257865,"ITGB3;CLIP4"
"314","carbinoxamine-6786-up","2/100",0.0162624064321538,0.0716327440440343,0,0,10.9558742415885,45.1261415257865,"CDK14;PML"
"315","valproic acid-458-up","2/100",0.0162624064321538,0.0716327440440343,0,0,10.9558742415885,45.1261415257865,"AKT3;STX2"
"316","etofenamate-3989-up","2/100",0.0162624064321538,0.0716327440440343,0,0,10.9558742415885,45.1261415257865,"DOCK10;IFFO1"
"317","valproic acid-989-up","2/100",0.0162624064321538,0.0716327440440343,0,0,10.9558742415885,45.1261415257865,"CHST7;BTN2A2"
"318","oxolinic acid-1419-up","2/100",0.0162624064321538,0.0716327440440343,0,0,10.9558742415885,45.1261415257865,"TCP11L1;ARSB"
"319","3-acetylcoumarin-3044-up","2/100",0.0162624064321538,0.0716327440440343,0,0,10.9558742415885,45.1261415257865,"CLIP4;PDLIM4"
"320","suxibuzone-6065-up","2/100",0.0162624064321538,0.0716327440440343,0,0,10.9558742415885,45.1261415257865,"GPR176;PML"
"321","phthalylsulfathiazole-5614-up","2/100",0.0162624064321538,0.0716327440440343,0,0,10.9558742415885,45.1261415257865,"SYT11;PML"
"322","mesoridazine-2874-up","2/100",0.0162624064321538,0.0716327440440343,0,0,10.9558742415885,45.1261415257865,"ITGB3;PML"
"323","3-acetylcoumarin-3382-up","2/100",0.0162624064321538,0.0716327440440343,0,0,10.9558742415885,45.1261415257865,"ITGB3;PML"
"324","trichostatin A-4710-up","2/100",0.0162624064321538,0.0716327440440343,0,0,10.9558742415885,45.1261415257865,"CCDC88A;SYT11"
"325","ramifenazone-5879-up","2/100",0.0162624064321538,0.0716327440440343,0,0,10.9558742415885,45.1261415257865,"TCP11L1;ELL2"
"326","estrone-6448-up","2/100",0.0162624064321538,0.0716327440440343,0,0,10.9558742415885,45.1261415257865,"ITGB3;PML"
"327","fulvestrant-7091-up","2/100",0.0162624064321538,0.0716327440440343,0,0,10.9558742415885,45.1261415257865,"CHST7;PML"
"328","Prestwick-665-3681-up","2/100",0.0162624064321538,0.0716327440440343,0,0,10.9558742415885,45.1261415257865,"DOK1;ITGB3"
"329","octopamine-6491-up","2/100",0.0162624064321538,0.0716327440440343,0,0,10.9558742415885,45.1261415257865,"CSF1;AKT3"
"330","fluorocurarine-5741-up","2/100",0.0162624064321538,0.0716327440440343,0,0,10.9558742415885,45.1261415257865,"ITGB3;PML"
"331","monorden-5216-up","2/100",0.0162624064321538,0.0716327440440343,0,0,10.9558742415885,45.1261415257865,"DOCK10;PML"
"332","sulindac-5103-up","2/100",0.0162624064321538,0.0716327440440343,0,0,10.9558742415885,45.1261415257865,"CSF1;COL8A1"
"333","nomifensine-1378-up","2/100",0.0162624064321538,0.0716327440440343,0,0,10.9558742415885,45.1261415257865,"AKT3;BCAT1"
"334","piperacillin-3845-up","2/100",0.0162624064321538,0.0716327440440343,0,0,10.9558742415885,45.1261415257865,"AKT3;CLIP4"
"335","trichostatin A-7555-up","2/100",0.0162624064321538,0.0716327440440343,0,0,10.9558742415885,45.1261415257865,"SYT11;RAB8B"
"336","lobelanidine-5500-up","2/100",0.0162624064321538,0.0716327440440343,0,0,10.9558742415885,45.1261415257865,"ITGB3;COL8A1"
"337","foliosidine-2201-up","2/100",0.0162624064321538,0.0716327440440343,0,0,10.9558742415885,45.1261415257865,"PERP;PDLIM4"
"338","NS-398-6892-up","2/100",0.0162624064321538,0.0716327440440343,0,0,10.9558742415885,45.1261415257865,"CALHM2;CSF1"
"339","semustine-7487-up","2/100",0.0162624064321538,0.0716327440440343,0,0,10.9558742415885,45.1261415257865,"GPR176;BTN2A2"
"340","PF-01378883-00-6405-up","2/100",0.0162624064321538,0.0716327440440343,0,0,10.9558742415885,45.1261415257865,"DOK1;NRP2"
"341","ricinine-6067-up","2/100",0.0162624064321538,0.0716327440440343,0,0,10.9558742415885,45.1261415257865,"ITGB3;PML"
"342","roxarsone-5051-up","2/100",0.0162624064321538,0.0716327440440343,0,0,10.9558742415885,45.1261415257865,"DOCK10;NRP2"
"343","haloperidol-1628-up","2/100",0.0162624064321538,0.0716327440440343,0,0,10.9558742415885,45.1261415257865,"TCP11L1;PML"
"344","H-7-5936-up","2/100",0.0162624064321538,0.0716327440440343,0,0,10.9558742415885,45.1261415257865,"ITGB3;TCP11L1"
"345","paclitaxel-1959-up","2/100",0.0162624064321538,0.0716327440440343,0,0,10.9558742415885,45.1261415257865,"TCP11L1;PDLIM4"
"346","clemizole-4695-up","2/100",0.0162624064321538,0.0716327440440343,0,0,10.9558742415885,45.1261415257865,"SLFN12;NRP2"
"347","haloperidol-1082-up","2/100",0.0162624064321538,0.0716327440440343,0,0,10.9558742415885,45.1261415257865,"BTN2A2;STX2"
"348","harman-4408-up","2/100",0.0162624064321538,0.0716327440440343,0,0,10.9558742415885,45.1261415257865,"CSF1;PDLIM4"
"349","valproic acid-433-up","2/100",0.0162624064321538,0.0716327440440343,0,0,10.9558742415885,45.1261415257865,"CHST7;FHL3"
"350","novobiocin-499-up","2/100",0.0162624064321538,0.0716327440440343,0,0,10.9558742415885,45.1261415257865,"NRP2;STX2"
"351","hecogenin-7175-up","2/100",0.0162624064321538,0.0716327440440343,0,0,10.9558742415885,45.1261415257865,"AKT3;CLIP4"
"352","oleandomycin-5676-up","2/100",0.0162624064321538,0.0716327440440343,0,0,10.9558742415885,45.1261415257865,"PDLIM4;ELL2"
"353","sirolimus-2667-up","2/100",0.0162624064321538,0.0716327440440343,0,0,10.9558742415885,45.1261415257865,"NRP2;AKT3"
"354","fenbufen-2346-up","2/100",0.0162624064321538,0.0716327440440343,0,0,10.9558742415885,45.1261415257865,"CSF1;ELL2"
"355","flutamide-4539-up","2/100",0.0162624064321538,0.0716327440440343,0,0,10.9558742415885,45.1261415257865,"NRP2;TCP11L1"
"356","streptozocin-6098-up","2/100",0.0162624064321538,0.0716327440440343,0,0,10.9558742415885,45.1261415257865,"NAV3;TCP11L1"
"357","bucladesine-5886-up","2/100",0.0162624064321538,0.0716327440440343,0,0,10.9558742415885,45.1261415257865,"TCP11L1;ARSB"
"358","hyoscyamine-5099-up","2/100",0.0162624064321538,0.0716327440440343,0,0,10.9558742415885,45.1261415257865,"CSF1;COL8A1"
"359","trichostatin A-448-up","2/100",0.0162624064321538,0.0716327440440343,0,0,10.9558742415885,45.1261415257865,"CHST7;RAB8B"
"360","cefuroxime-2526-up","2/100",0.0162624064321538,0.0716327440440343,0,0,10.9558742415885,45.1261415257865,"TCP11L1;PDLIM4"
"361","cisapride-2443-up","2/100",0.0162624064321538,0.0716327440440343,0,0,10.9558742415885,45.1261415257865,"BTN2A2;TCP11L1"
"362","eldeline-3831-up","2/100",0.0162624064321538,0.0716327440440343,0,0,10.9558742415885,45.1261415257865,"CLIP4;PML"
"363","benzylpenicillin-4501-up","2/100",0.0162624064321538,0.0716327440440343,0,0,10.9558742415885,45.1261415257865,"CALHM2;CSF1"
"364","niflumic acid-5490-up","2/100",0.0162624064321538,0.0716327440440343,0,0,10.9558742415885,45.1261415257865,"DOK1;GPR176"
"365","etifenin-3998-up","2/100",0.0162624064321538,0.0716327440440343,0,0,10.9558742415885,45.1261415257865,"CALHM2;ITGB3"
"366","erastin-6412-up","2/100",0.0162624064321538,0.0716327440440343,0,0,10.9558742415885,45.1261415257865,"ITGB3;PML"
"367","0317956-0000-3774-up","2/100",0.0162624064321538,0.0716327440440343,0,0,10.9558742415885,45.1261415257865,"CALHM2;PDLIM4"
"368","loperamide-1533-up","2/100",0.0162624064321538,0.0716327440440343,0,0,10.9558742415885,45.1261415257865,"CSF1;BTN2A2"
"369","propoxycaine-6803-up","2/100",0.0162624064321538,0.0716327440440343,0,0,10.9558742415885,45.1261415257865,"DOK1;TCP11L1"
"370","flurbiprofen-5269-up","2/100",0.0162624064321538,0.0716327440440343,0,0,10.9558742415885,45.1261415257865,"CSF1;PML"
"371","flufenamic acid-2267-up","2/100",0.0162624064321538,0.0716327440440343,0,0,10.9558742415885,45.1261415257865,"DOCK10;ITGB3"
"372","oxyphenbutazone-4506-up","2/100",0.0162624064321538,0.0716327440440343,0,0,10.9558742415885,45.1261415257865,"ARHGAP22;ITGB3"
"373","isradipine-3129-up","2/100",0.0162624064321538,0.0716327440440343,0,0,10.9558742415885,45.1261415257865,"BTN2A2;ITGB3"
"374","benzocaine-2167-up","2/100",0.0162624064321538,0.0716327440440343,0,0,10.9558742415885,45.1261415257865,"TCP11L1;PML"
"375","carbenoxolone-3014-up","2/100",0.0162624064321538,0.0716327440440343,0,0,10.9558742415885,45.1261415257865,"CLIP4;PML"
"376","mianserin-5786-up","2/100",0.0162624064321538,0.0716327440440343,0,0,10.9558742415885,45.1261415257865,"NAV3;IFFO1"
"377","fulvestrant-1238-up","2/100",0.0162624064321538,0.0716327440440343,0,0,10.9558742415885,45.1261415257865,"SYT11;ARSB"
"378","arecoline-2657-up","2/100",0.0162624064321538,0.0716327440440343,0,0,10.9558742415885,45.1261415257865,"DOK1;TCP11L1"
"379","tyloxapol-5672-up","2/100",0.0162624064321538,0.0716327440440343,0,0,10.9558742415885,45.1261415257865,"SYT11;TCP11L1"
"380","LY-294002-5596-up","2/100",0.0162624064321538,0.0716327440440343,0,0,10.9558742415885,45.1261415257865,"AKT3;TCP11L1"
"381","LY-294002-5599-up","2/100",0.0162624064321538,0.0716327440440343,0,0,10.9558742415885,45.1261415257865,"CALHM2;PML"
"382","riluzole-3666-up","2/100",0.0162624064321538,0.0716327440440343,0,0,10.9558742415885,45.1261415257865,"PDLIM4;PML"
"383","hydroxyzine-1524-up","2/100",0.0162624064321538,0.0716327440440343,0,0,10.9558742415885,45.1261415257865,"NRP2;COL8A1"
"384","naproxen-5457-up","2/100",0.0162624064321538,0.0716327440440343,0,0,10.9558742415885,45.1261415257865,"ITGB3;TCP11L1"
"385","desoxycortone-6758-up","2/100",0.0162624064321538,0.0716327440440343,0,0,10.9558742415885,45.1261415257865,"DOK1;CSF1"
"386","imipenem-1724-up","2/100",0.0162624064321538,0.0716327440440343,0,0,10.9558742415885,45.1261415257865,"CSF1;TCP11L1"
"387","cefuroxime-6088-up","2/100",0.0162624064321538,0.0716327440440343,0,0,10.9558742415885,45.1261415257865,"GPR176;ITGB3"
"388","memantine-2934-up","2/100",0.0162624064321538,0.0716327440440343,0,0,10.9558742415885,45.1261415257865,"CCDC88A;PML"
"389","buspirone-5343-up","2/100",0.0162624064321538,0.0716327440440343,0,0,10.9558742415885,45.1261415257865,"DOK1;CSF1"
"390","fusaric acid-4105-up","2/100",0.0162624064321538,0.0716327440440343,0,0,10.9558742415885,45.1261415257865,"DOCK10;ELL2"
"391","diflorasone-2798-up","2/100",0.0162624064321538,0.0716327440440343,0,0,10.9558742415885,45.1261415257865,"DOCK10;STX2"
"392","pentolonium-3676-up","2/100",0.0162624064321538,0.0716327440440343,0,0,10.9558742415885,45.1261415257865,"DOK1;PML"
"393","piperacillin-4320-up","2/100",0.0162624064321538,0.0716327440440343,0,0,10.9558742415885,45.1261415257865,"FHL3;PML"
"394","nisoxetine-5091-up","2/100",0.0162624064321538,0.0716327440440343,0,0,10.9558742415885,45.1261415257865,"GPR176;COL8A1"
"395","16-phenyltetranorprostaglandin E2-7505-up","2/100",0.0162624064321538,0.0716327440440343,0,0,10.9558742415885,45.1261415257865,"CHST7;ITGB3"
"396","griseofulvin-7363-up","2/100",0.0162624064321538,0.0716327440440343,0,0,10.9558742415885,45.1261415257865,"NRP2;CSF1"
"397","famotidine-1529-up","2/100",0.0162624064321538,0.0716327440440343,0,0,10.9558742415885,45.1261415257865,"CHST7;STX2"
"398","midodrine-6804-up","2/100",0.0162624064321538,0.0716327440440343,0,0,10.9558742415885,45.1261415257865,"DOK1;ITGB3"
"399","lysergol-6621-up","2/100",0.0162624064321538,0.0716327440440343,0,0,10.9558742415885,45.1261415257865,"CALHM2;PML"
"400","propoxycaine-7155-up","2/100",0.0162624064321538,0.0716327440440343,0,0,10.9558742415885,45.1261415257865,"BTN2A2;PML"
"401","lomustine-7050-up","2/100",0.0162624064321538,0.0716327440440343,0,0,10.9558742415885,45.1261415257865,"DOCK10;NAV3"
"402","carbarsone-3991-up","2/100",0.0162624064321538,0.0716327440440343,0,0,10.9558742415885,45.1261415257865,"DOCK10;NRP2"
"403","ketoprofen-4751-up","2/100",0.0162624064321538,0.0716327440440343,0,0,10.9558742415885,45.1261415257865,"AKT3;TCP11L1"
"404","lysergol-4966-up","2/100",0.0162624064321538,0.0716327440440343,0,0,10.9558742415885,45.1261415257865,"CSF1;AKT3"
"405","ampyrone-6845-up","2/100",0.0162624064321538,0.0716327440440343,0,0,10.9558742415885,45.1261415257865,"GPR176;ELL2"
"406","vancomycin-2498-up","2/100",0.0162624064321538,0.0716327440440343,0,0,10.9558742415885,45.1261415257865,"TCP11L1;PML"
"407","clonidine-4478-up","2/100",0.0162624064321538,0.0716327440440343,0,0,10.9558742415885,45.1261415257865,"NRP2;COL8A1"
"408","albendazole-3164-up","2/100",0.0162624064321538,0.0716327440440343,0,0,10.9558742415885,45.1261415257865,"NRP2;PDLIM4"
"409","parthenolide-5105-up","2/100",0.0162624064321538,0.0716327440440343,0,0,10.9558742415885,45.1261415257865,"NAV3;COL8A1"
"410","0317956-0000-3855-up","2/100",0.0162624064321538,0.0716327440440343,0,0,10.9558742415885,45.1261415257865,"GPR176;ATP10D"
"411","molsidomine-5426-up","2/100",0.0162624064321538,0.0716327440440343,0,0,10.9558742415885,45.1261415257865,"SLFN12;CYBRD1"
"412","propylthiouracil-4076-up","2/100",0.0162624064321538,0.0716327440440343,0,0,10.9558742415885,45.1261415257865,"CSF1;SYT11"
"413","propafenone-6336-up","2/100",0.0162624064321538,0.0716327440440343,0,0,10.9558742415885,45.1261415257865,"TCP11L1;PML"
"414","acetazolamide-1850-up","2/100",0.0162624064321538,0.0716327440440343,0,0,10.9558742415885,45.1261415257865,"DOK1;PML"
"415","chlorpromazine-1055-up","2/100",0.0162624064321538,0.0716327440440343,0,0,10.9558742415885,45.1261415257865,"TCP11L1;STX2"
"416","chlorphenesin-2115-up","2/100",0.0162624064321538,0.0716327440440343,0,0,10.9558742415885,45.1261415257865,"COL8A1;ARSB"
"417","thiostrepton-4385-up","2/100",0.0162624064321538,0.0716327440440343,0,0,10.9558742415885,45.1261415257865,"CSF1;SYT11"
"418","tropine-5790-up","2/100",0.0162624064321538,0.0716327440440343,0,0,10.9558742415885,45.1261415257865,"NRP2;IFFO1"
"419","hydralazine-3621-up","2/100",0.0162624064321538,0.0716327440440343,0,0,10.9558742415885,45.1261415257865,"CDK14;PML"
"420","trichostatin A-2268-up","2/100",0.0162624064321538,0.0716327440440343,0,0,10.9558742415885,45.1261415257865,"BTN2A2;SYT11"
"421","hydrastine hydrochloride-6011-up","2/100",0.0162624064321538,0.0716327440440343,0,0,10.9558742415885,45.1261415257865,"AKT3;PML"
"422","ginkgolide A-3260-up","2/100",0.0162624064321538,0.0716327440440343,0,0,10.9558742415885,45.1261415257865,"ITGB3;AKT3"
"423","oxaprozin-4530-up","2/100",0.0162624064321538,0.0716327440440343,0,0,10.9558742415885,45.1261415257865,"GPR176;SYT11"
"424","cefuroxime-5787-up","2/100",0.0162624064321538,0.0716327440440343,0,0,10.9558742415885,45.1261415257865,"ITGB3;COL8A1"
"425","flumetasone-3410-up","2/100",0.0162624064321538,0.0716327440440343,0,0,10.9558742415885,45.1261415257865,"CSF1;TCP11L1"
"426","troglitazone-6949-up","2/100",0.0162624064321538,0.0716327440440343,0,0,10.9558742415885,45.1261415257865,"CHST7;TCP11L1"
"427","hexestrol-2515-up","2/100",0.0162624064321538,0.0716327440440343,0,0,10.9558742415885,45.1261415257865,"PDLIM4;ELL2"
"428","tetrahydroalstonine-1756-up","2/100",0.0162624064321538,0.0716327440440343,0,0,10.9558742415885,45.1261415257865,"CCDC88A;TCP11L1"
"429","esculin-6310-up","2/100",0.0162624064321538,0.0716327440440343,0,0,10.9558742415885,45.1261415257865,"CCDC88A;IFFO1"
"430","clomipramine-3182-up","2/100",0.0162624064321538,0.0716327440440343,0,0,10.9558742415885,45.1261415257865,"ITGB3;PML"
"431","scoulerine-2891-up","2/100",0.0162624064321538,0.0716327440440343,0,0,10.9558742415885,45.1261415257865,"DOCK10;ITGB3"
"432","guanabenz-1544-up","2/100",0.0162624064321538,0.0716327440440343,0,0,10.9558742415885,45.1261415257865,"CSF1;ITGB3"
"433","ritodrine-4619-up","2/100",0.0162624064321538,0.0716327440440343,0,0,10.9558742415885,45.1261415257865,"CSF1;AKT3"
"434","STOCK1N-35215-6427-up","2/100",0.0162624064321538,0.0716327440440343,0,0,10.9558742415885,45.1261415257865,"NAV3;STX2"
"435","procaine-5430-up","2/100",0.0162624064321538,0.0716327440440343,0,0,10.9558742415885,45.1261415257865,"NRP2;ELL2"
"436","chlorpropamide-5391-up","2/100",0.0162624064321538,0.0716327440440343,0,0,10.9558742415885,45.1261415257865,"ITGB3;PML"
"437","etiocholanolone-3742-up","2/100",0.0162624064321538,0.0716327440440343,0,0,10.9558742415885,45.1261415257865,"DOK1;NRP2"
"438","tenoxicam-4182-up","2/100",0.0162624064321538,0.0716327440440343,0,0,10.9558742415885,45.1261415257865,"CSF1;ITGB3"
"439","budesonide-6330-up","2/100",0.0162624064321538,0.0716327440440343,0,0,10.9558742415885,45.1261415257865,"NRP2;COL8A1"
"440","trichostatin A-6820-up","2/100",0.0162624064321538,0.0716327440440343,0,0,10.9558742415885,45.1261415257865,"SYT11;ELL2"
"441","Prestwick-860-4618-up","2/100",0.0162624064321538,0.0716327440440343,0,0,10.9558742415885,45.1261415257865,"NRP2;CSF1"
"442","sulpiride-4566-up","2/100",0.0162624064321538,0.0716327440440343,0,0,10.9558742415885,45.1261415257865,"ARHGAP22;NRP2"
"443","pentetic acid-3387-up","2/100",0.0162624064321538,0.0716327440440343,0,0,10.9558742415885,45.1261415257865,"ELL2;IFFO1"
"444","ketorolac-6489-up","2/100",0.0162624064321538,0.0716327440440343,0,0,10.9558742415885,45.1261415257865,"DOK1;CSF1"
"445","3-nitropropionic acid-6402-up","2/100",0.0162624064321538,0.0716327440440343,0,0,10.9558742415885,45.1261415257865,"DOK1;PML"
"446","sertaconazole-6811-up","2/100",0.0162624064321538,0.0716327440440343,0,0,10.9558742415885,45.1261415257865,"GPR176;TCP11L1"
"447","flufenamic acid-5059-up","2/100",0.0162624064321538,0.0716327440440343,0,0,10.9558742415885,45.1261415257865,"DOCK10;ITGB3"
"448","canadine-4138-up","2/100",0.0162624064321538,0.0716327440440343,0,0,10.9558742415885,45.1261415257865,"ITGB3;BCAT1"
"449","homochlorcyclizine-5998-up","2/100",0.0162624064321538,0.0716327440440343,0,0,10.9558742415885,45.1261415257865,"DOCK10;CDK14"
"450","tiaprofenic acid-2492-up","2/100",0.0162624064321538,0.0716327440440343,0,0,10.9558742415885,45.1261415257865,"NRP2;STX2"
"451","cefalotin-4482-up","2/100",0.0162624064321538,0.0716327440440343,0,0,10.9558742415885,45.1261415257865,"NRP2;TCP11L1"
"452","diclofenamide-5286-up","2/100",0.0162624064321538,0.0716327440440343,0,0,10.9558742415885,45.1261415257865,"DOK1;ITGB3"
"453","trichostatin A-6064-up","2/100",0.0162624064321538,0.0716327440440343,0,0,10.9558742415885,45.1261415257865,"SYT11;PML"
"454","isoxicam-1698-up","2/100",0.0162624064321538,0.0716327440440343,0,0,10.9558742415885,45.1261415257865,"CHST7;PML"
"455","fulvestrant-5565-up","2/100",0.0162624064321538,0.0716327440440343,0,0,10.9558742415885,45.1261415257865,"IFFO1;PML"
"456","phenylpropanolamine-5298-up","2/100",0.0162624064321538,0.0716327440440343,0,0,10.9558742415885,45.1261415257865,"BTN2A2;STX2"
"457","gossypol-2202-up","2/100",0.0162624064321538,0.0716327440440343,0,0,10.9558742415885,45.1261415257865,"ITGB3;COL8A1"
"458","orphenadrine-3883-up","2/100",0.0162624064321538,0.0716327440440343,0,0,10.9558742415885,45.1261415257865,"CLIP4;PML"
"459","levopropoxyphene-3543-up","2/100",0.0162624064321538,0.0716327440440343,0,0,10.9558742415885,45.1261415257865,"DOK1;SYT11"
"460","quinisocaine-4207-up","2/100",0.0162624064321538,0.0716327440440343,0,0,10.9558742415885,45.1261415257865,"WNT5B;IFFO1"
"461","piretanide-6828-up","2/100",0.0162624064321538,0.0716327440440343,0,0,10.9558742415885,45.1261415257865,"GPR176;TCP11L1"
"462","oxedrine-6798-up","2/100",0.0162624064321538,0.0716327440440343,0,0,10.9558742415885,45.1261415257865,"DOK1;BCAT1"
"463","cefoperazone-6323-up","2/100",0.0162624064321538,0.0716327440440343,0,0,10.9558742415885,45.1261415257865,"CCDC88A;IFFO1"
"464","trichostatin A-1835-up","2/100",0.0162624064321538,0.0716327440440343,0,0,10.9558742415885,45.1261415257865,"BTN2A2;ATP10D"
"465","dimenhydrinate-5450-up","2/100",0.0162624064321538,0.0716327440440343,0,0,10.9558742415885,45.1261415257865,"CDK14;PML"
"466","phenazone-1489-up","2/100",0.0162624064321538,0.0716327440440343,0,0,10.9558742415885,45.1261415257865,"DOK1;ITGB3"
"467","naringenin-1342-up","2/100",0.0162624064321538,0.0716327440440343,0,0,10.9558742415885,45.1261415257865,"FHL3;ELL2"
"468","mephenytoin-5801-up","2/100",0.0162624064321538,0.0716327440440343,0,0,10.9558742415885,45.1261415257865,"NAV3;ITGB3"
"469","sodium phenylbutyrate-502-up","2/100",0.0162624064321538,0.0716327440440343,0,0,10.9558742415885,45.1261415257865,"SYT11;FHL3"
"470","calycanthine-5744-up","2/100",0.0162624064321538,0.0716327440440343,0,0,10.9558742415885,45.1261415257865,"AKT3;FHL3"
"471","ethionamide-4593-up","2/100",0.0162624064321538,0.0716327440440343,0,0,10.9558742415885,45.1261415257865,"NRP2;PML"
"472","moracizine-3520-up","2/100",0.0162624064321538,0.0716327440440343,0,0,10.9558742415885,45.1261415257865,"GPR176;ELL2"
"473","harmalol-5076-up","2/100",0.0162624064321538,0.0716327440440343,0,0,10.9558742415885,45.1261415257865,"DOCK10;PML"
"474","simvastatin-3002-up","2/100",0.0162624064321538,0.0716327440440343,0,0,10.9558742415885,45.1261415257865,"NRP2;CHST7"
"475","hexestrol-6077-up","2/100",0.0162624064321538,0.0716327440440343,0,0,10.9558742415885,45.1261415257865,"DOK1;CSF1"
"476","tamoxifen-143-up","2/100",0.0162624064321538,0.0716327440440343,0,0,10.9558742415885,45.1261415257865,"CALHM2;RAB8B"
"477","naringin-4605-up","2/100",0.0162624064321538,0.0716327440440343,0,0,10.9558742415885,45.1261415257865,"SLFN12;AKT3"
"478","trichostatin A-6454-up","2/100",0.0162624064321538,0.0716327440440343,0,0,10.9558742415885,45.1261415257865,"SYT11;STX2"
"479","resveratrol-5084-up","2/100",0.0162624064321538,0.0716327440440343,0,0,10.9558742415885,45.1261415257865,"CSF1;FHL3"
"480","isradipine-6508-up","2/100",0.0162624064321538,0.0716327440440343,0,0,10.9558742415885,45.1261415257865,"TCP11L1;CDK14"
"481","coralyne-6317-up","2/100",0.0162624064321538,0.0716327440440343,0,0,10.9558742415885,45.1261415257865,"CCDC88A;STX2"
"482","pyrantel-5088-up","2/100",0.0162624064321538,0.0716327440440343,0,0,10.9558742415885,45.1261415257865,"CSF1;COL8A1"
"483","citiolone-2176-up","2/100",0.0162624064321538,0.0716327440440343,0,0,10.9558742415885,45.1261415257865,"PERP;ELL2"
"484","naproxen-6794-up","2/100",0.0162624064321538,0.0716327440440343,0,0,10.9558742415885,45.1261415257865,"DOK1;PML"
"485","bethanechol-5539-up","2/100",0.0162624064321538,0.0716327440440343,0,0,10.9558742415885,45.1261415257865,"SYT11;TCP11L1"
"486","fluphenazine-1662-up","2/100",0.0162624064321538,0.0716327440440343,0,0,10.9558742415885,45.1261415257865,"DOK1;TCP11L1"
"487","lomefloxacin-4745-up","2/100",0.0162624064321538,0.0716327440440343,0,0,10.9558742415885,45.1261415257865,"AKT3;CLIP4"
"488","famprofazone-6029-up","2/100",0.0162624064321538,0.0716327440440343,0,0,10.9558742415885,45.1261415257865,"AKT3;FHL3"
"489","trichostatin A-5511-up","2/100",0.0162624064321538,0.0716327440440343,0,0,10.9558742415885,45.1261415257865,"BTN2A2;SYT11"
"490","finasteride-3744-up","2/100",0.0162624064321538,0.0716327440440343,0,0,10.9558742415885,45.1261415257865,"NRP2;PDLIM4"
"491","rosiglitazone-1013-up","2/100",0.0162624064321538,0.0716327440440343,0,0,10.9558742415885,45.1261415257865,"BTN2A2;TCP11L1"
"492","flufenamic acid-2104-up","2/100",0.0162624064321538,0.0716327440440343,0,0,10.9558742415885,45.1261415257865,"AKT3;PDLIM4"
"493","0225151-0000-6426-up","2/100",0.0162624064321538,0.0716327440440343,0,0,10.9558742415885,45.1261415257865,"CSF1;STX2"
"494","karakoline-3741-up","2/100",0.0162624064321538,0.0716327440440343,0,0,10.9558742415885,45.1261415257865,"NAV3;FHL3"
"495","tropicamide-3722-up","2/100",0.0162624064321538,0.0716327440440343,0,0,10.9558742415885,45.1261415257865,"DOK1;PDLIM4"
"496","meprylcaine-6123-up","2/100",0.0162624064321538,0.0716327440440343,0,0,10.9558742415885,45.1261415257865,"NRP2;PML"
"497","pentamidine-4573-up","2/100",0.0162624064321538,0.0716327440440343,0,0,10.9558742415885,45.1261415257865,"CSF1;ARSB"
"498","trichostatin A-6439-up","2/100",0.0162624064321538,0.0716327440440343,0,0,10.9558742415885,45.1261415257865,"SYT11;RAB8B"
"499","6-bromoindirubin-3'-oxime-6585-up","2/100",0.0162624064321538,0.0716327440440343,0,0,10.9558742415885,45.1261415257865,"NAV3;STX2"
"500","Gly-His-Lys-6575-up","2/100",0.0162624064321538,0.0716327440440343,0,0,10.9558742415885,45.1261415257865,"CHST7;STX2"
"501","econazole-7427-up","2/100",0.0162624064321538,0.0716327440440343,0,0,10.9558742415885,45.1261415257865,"BTN2A2;ELL2"
"502","chlorhexidine-6302-up","2/100",0.0162624064321538,0.0716327440440343,0,0,10.9558742415885,45.1261415257865,"CCDC88A;CYBRD1"
"503","benzylpenicillin-6839-up","2/100",0.0162624064321538,0.0716327440440343,0,0,10.9558742415885,45.1261415257865,"ITGB3;TCP11L1"
"504","genistein-6994-up","2/100",0.0162624064321538,0.0716327440440343,0,0,10.9558742415885,45.1261415257865,"DOK1;COL8A1"
"505","cefalotin-6819-up","2/100",0.0162624064321538,0.0716327440440343,0,0,10.9558742415885,45.1261415257865,"TCP11L1;PML"
"506","lobelanidine-2897-up","2/100",0.0162624064321538,0.0716327440440343,0,0,10.9558742415885,45.1261415257865,"ITGB3;COL8A1"
"507","amiloride-1470-up","2/100",0.0162624064321538,0.0716327440440343,0,0,10.9558742415885,45.1261415257865,"AKT3;PML"
"508","terguride-5400-up","2/100",0.0162624064321538,0.0716327440440343,0,0,10.9558742415885,45.1261415257865,"TCP11L1;PML"
"509","R-atenolol-2496-up","2/100",0.0162624064321538,0.0716327440440343,0,0,10.9558742415885,45.1261415257865,"NRP2;STX2"
"510","naproxen-1828-up","2/100",0.0162624064321538,0.0716327440440343,0,0,10.9558742415885,45.1261415257865,"CCDC88A;ATP10D"
"511","trichostatin A-4153-up","2/100",0.0162624064321538,0.0716327440440343,0,0,10.9558742415885,45.1261415257865,"SYT11;ELL2"
"512","pregnenolone-4802-up","2/100",0.0162624064321538,0.0716327440440343,0,0,10.9558742415885,45.1261415257865,"DOK1;BTN2A2"
"513","rilmenidine-5532-up","2/100",0.0162624064321538,0.0716327440440343,0,0,10.9558742415885,45.1261415257865,"CSF1;ITGB3"
"514","lymecycline-3514-up","2/100",0.0162624064321538,0.0716327440440343,0,0,10.9558742415885,45.1261415257865,"BTN2A2;BCAT1"
"515","diprophylline-5482-up","2/100",0.0162624064321538,0.0716327440440343,0,0,10.9558742415885,45.1261415257865,"CSF1;ITGB3"
"516","isocorydine-6843-up","2/100",0.0162624064321538,0.0716327440440343,0,0,10.9558742415885,45.1261415257865,"CCDC88A;TCP11L1"
"517","norethisterone-5474-up","2/100",0.0162624064321538,0.0716327440440343,0,0,10.9558742415885,45.1261415257865,"STX2;CDK14"
"518","piromidic acid-3335-up","2/100",0.0162624064321538,0.0716327440440343,0,0,10.9558742415885,45.1261415257865,"ITGB3;CDK14"
"519","trichostatin A-3643-up","2/100",0.0162624064321538,0.0716327440440343,0,0,10.9558742415885,45.1261415257865,"SYT11;ELL2"
"520","acacetin-2189-up","2/100",0.0162624064321538,0.0716327440440343,0,0,10.9558742415885,45.1261415257865,"CHST7;PML"
"521","trimethadione-2486-up","2/100",0.0162624064321538,0.0716327440440343,0,0,10.9558742415885,45.1261415257865,"TCP11L1;CDK14"
"522","triamcinolone-7192-up","2/100",0.0162624064321538,0.0716327440440343,0,0,10.9558742415885,45.1261415257865,"ITGB3;CDK14"
"523","galantamine-4186-up","2/100",0.0162624064321538,0.0716327440440343,0,0,10.9558742415885,45.1261415257865,"NRP2;IFFO1"
"524","betahistine-4956-up","2/100",0.0162624064321538,0.0716327440440343,0,0,10.9558742415885,45.1261415257865,"CSF1;TCP11L1"
"525","nialamide-4525-up","2/100",0.0162624064321538,0.0716327440440343,0,0,10.9558742415885,45.1261415257865,"AKT3;IFFO1"
"526","cyproheptadine-6740-up","2/100",0.0162624064321538,0.0716327440440343,0,0,10.9558742415885,45.1261415257865,"CSF1;PML"
"527","prochlorperazine-5010-up","2/100",0.0162624064321538,0.0716327440440343,0,0,10.9558742415885,45.1261415257865,"SYT11;PML"
"528","sirolimus-6940-up","2/100",0.0162624064321538,0.0716327440440343,0,0,10.9558742415885,45.1261415257865,"TCP11L1;ELL2"
"529","pirenperone-5274-up","2/100",0.0162624064321538,0.0716327440440343,0,0,10.9558742415885,45.1261415257865,"ITGB3;PML"
"530","edrophonium chloride-6655-up","2/100",0.0162624064321538,0.0716327440440343,0,0,10.9558742415885,45.1261415257865,"DOCK10;STX2"
"531","pempidine-3832-up","2/100",0.0162624064321538,0.0716327440440343,0,0,10.9558742415885,45.1261415257865,"ITGB3;CLIP4"
"532","furazolidone-3019-up","2/100",0.0162624064321538,0.0716327440440343,0,0,10.9558742415885,45.1261415257865,"CSF1;STX2"
"533","tetryzoline-6769-up","2/100",0.0162624064321538,0.0716327440440343,0,0,10.9558742415885,45.1261415257865,"DOK1;PML"
"534","trichostatin A-1112-up","2/100",0.0162624064321538,0.0716327440440343,0,0,10.9558742415885,45.1261415257865,"STX2;RAB8B"
"535","vinburnine-7154-up","2/100",0.0162624064321538,0.0716327440440343,0,0,10.9558742415885,45.1261415257865,"GPR176;NAV3"
"536","clomifene-2624-up","2/100",0.0162624064321538,0.0716327440440343,0,0,10.9558742415885,45.1261415257865,"DOK1;ITGB3"
"537","oxetacaine-4246-up","2/100",0.0162624064321538,0.0716327440440343,0,0,10.9558742415885,45.1261415257865,"ARHGAP22;NAV3"
"538","benzthiazide-3329-up","2/100",0.0162624064321538,0.0716327440440343,0,0,10.9558742415885,45.1261415257865,"ITGB3;PML"
"539","procyclidine-4233-up","2/100",0.0162624064321538,0.0716327440440343,0,0,10.9558742415885,45.1261415257865,"WNT5B;PML"
"540","puromycin-6711-up","2/100",0.0162624064321538,0.0716327440440343,0,0,10.9558742415885,45.1261415257865,"CSF1;BTN2A2"
"541","wortmannin-1184-up","2/100",0.0162624064321538,0.0716327440440343,0,0,10.9558742415885,45.1261415257865,"FHL3;ELL2"
"542","Prestwick-864-4113-up","2/100",0.0162624064321538,0.0716327440440343,0,0,10.9558742415885,45.1261415257865,"ELL2;CDK14"
"543","aminohippuric acid-6294-up","2/100",0.0162624064321538,0.0716327440440343,0,0,10.9558742415885,45.1261415257865,"DOCK10;WNT5B"
"544","kinetin-6813-up","2/100",0.0162624064321538,0.0716327440440343,0,0,10.9558742415885,45.1261415257865,"TCP11L1;ELL2"
"545","sirolimus-4431-up","2/100",0.0162624064321538,0.0716327440440343,0,0,10.9558742415885,45.1261415257865,"CSF1;ITGB3"
"546","sulindac-5528-up","2/100",0.0162624064321538,0.0716327440440343,0,0,10.9558742415885,45.1261415257865,"TCP11L1;COL8A1"
"547","LY-294002-6995-up","2/100",0.0162624064321538,0.0716327440440343,0,0,10.9558742415885,45.1261415257865,"DOK1;TCP11L1"
"548","bumetanide-5117-up","2/100",0.0162624064321538,0.0716327440440343,0,0,10.9558742415885,45.1261415257865,"COL8A1;PDLIM4"
"549","fenoprofen-3612-up","2/100",0.0162624064321538,0.0716327440440343,0,0,10.9558742415885,45.1261415257865,"CSF1;BTN2A2"
"550","doxazosin-6642-up","2/100",0.0162624064321538,0.0716327440440343,0,0,10.9558742415885,45.1261415257865,"ITGB3;IFFO1"
"551","PHA-00745360-3827-up","2/100",0.0162624064321538,0.0716327440440343,0,0,10.9558742415885,45.1261415257865,"NAV3;PML"
"552","diflorasone-4077-up","2/100",0.0162624064321538,0.0716327440440343,0,0,10.9558742415885,45.1261415257865,"NRP2;PDLIM4"
"553","thioridazine-6189-up","2/100",0.0162624064321538,0.0716327440440343,0,0,10.9558742415885,45.1261415257865,"CSF1;ITGB3"
"554","tiletamine-3137-up","2/100",0.0162624064321538,0.0716327440440343,0,0,10.9558742415885,45.1261415257865,"CSF1;ARSB"
"555","perphenazine-1540-up","2/100",0.0162624064321538,0.0716327440440343,0,0,10.9558742415885,45.1261415257865,"CSF1;AKT3"
"556","verapamil-1509-up","2/100",0.0162624064321538,0.0716327440440343,0,0,10.9558742415885,45.1261415257865,"NRP2;CSF1"
"557","cefamandole-3436-up","2/100",0.0162624064321538,0.0716327440440343,0,0,10.9558742415885,45.1261415257865,"CSF1;TCP11L1"
"558","glafenine-7418-up","2/100",0.0162624064321538,0.0716327440440343,0,0,10.9558742415885,45.1261415257865,"COL8A1;ELL2"
"559","triflusal-2867-up","2/100",0.0162624064321538,0.0716327440440343,0,0,10.9558742415885,45.1261415257865,"ITGB3;AKT3"
"560","PNU-0251126-3689-up","2/100",0.0162624064321538,0.0716327440440343,0,0,10.9558742415885,45.1261415257865,"DOK1;PML"
"561","trichostatin A-3332-up","2/100",0.0162624064321538,0.0716327440440343,0,0,10.9558742415885,45.1261415257865,"SYT11;BCAT1"
"562","alpha-estradiol-1210-up","2/100",0.0162624064321538,0.0716327440440343,0,0,10.9558742415885,45.1261415257865,"ARHGAP22;TCP11L1"
"563","hemicholinium-1601-up","2/100",0.0162624064321538,0.0716327440440343,0,0,10.9558742415885,45.1261415257865,"AKT3;RAB8B"
"564","levothyroxine sodium-3249-up","2/100",0.0162624064321538,0.0716327440440343,0,0,10.9558742415885,45.1261415257865,"CCDC88A;TCP11L1"
"565","rifabutin-3873-up","2/100",0.0162624064321538,0.0716327440440343,0,0,10.9558742415885,45.1261415257865,"BTN2A2;PML"
"566","trichostatin A-6874-up","2/100",0.0162624064321538,0.0716327440440343,0,0,10.9558742415885,45.1261415257865,"SYT11;RAB8B"
"567","sirolimus-4445-up","2/100",0.0162624064321538,0.0716327440440343,0,0,10.9558742415885,45.1261415257865,"DOK1;CSF1"
"568","napelline-6824-up","2/100",0.0162624064321538,0.0716327440440343,0,0,10.9558742415885,45.1261415257865,"CSF1;SYT11"
"569","clopamide-6301-up","2/100",0.0162624064321538,0.0716327440440343,0,0,10.9558742415885,45.1261415257865,"CCDC88A;STX2"
"570","tolfenamic acid-5454-up","2/100",0.0162624064321538,0.0716327440440343,0,0,10.9558742415885,45.1261415257865,"ITGB3;ELL2"
"571","0173570-0000-4712-up","2/100",0.0162624064321538,0.0716327440440343,0,0,10.9558742415885,45.1261415257865,"DOK1;TCP11L1"
"572","skimmianine-5766-up","2/100",0.0162624064321538,0.0716327440440343,0,0,10.9558742415885,45.1261415257865,"TCP11L1;IFFO1"
"573","flumetasone-4734-up","2/100",0.0162624064321538,0.0716327440440343,0,0,10.9558742415885,45.1261415257865,"BCAT1;PML"
"574","amiprilose-4000-up","2/100",0.0162624064321538,0.0716327440440343,0,0,10.9558742415885,45.1261415257865,"NAV3;ITGB3"
"575","dipyridamole-1517-up","2/100",0.0162624064321538,0.0716327440440343,0,0,10.9558742415885,45.1261415257865,"DOK1;CSF1"
"576","butamben-2531-up","2/100",0.0162624064321538,0.0716327440440343,0,0,10.9558742415885,45.1261415257865,"TCP11L1;STX2"
"577","dextromethorphan-6300-up","2/100",0.0162624064321538,0.0716327440440343,0,0,10.9558742415885,45.1261415257865,"ARHGAP22;DOCK10"
"578","trichlormethiazide-4198-up","2/100",0.0162624064321538,0.0716327440440343,0,0,10.9558742415885,45.1261415257865,"NRP2;TCP11L1"
"579","zidovudine-3211-up","2/100",0.0162624064321538,0.0716327440440343,0,0,10.9558742415885,45.1261415257865,"TCP11L1;PML"
"580","trichostatin A-2370-up","2/100",0.0162624064321538,0.0716327440440343,0,0,10.9558742415885,45.1261415257865,"NAV3;ATP10D"
"581","trichostatin A-4237-up","2/100",0.0162624064321538,0.0716327440440343,0,0,10.9558742415885,45.1261415257865,"SYT11;PML"
"582","clindamycin-2219-up","2/100",0.0162624064321538,0.0716327440440343,0,0,10.9558742415885,45.1261415257865,"DOK1;ITGB3"
"583","diphemanil metilsulfate-1994-up","2/100",0.0162624064321538,0.0716327440440343,0,0,10.9558742415885,45.1261415257865,"CALHM2;RAB8B"
"584","budesonide-5431-up","2/100",0.0162624064321538,0.0716327440440343,0,0,10.9558742415885,45.1261415257865,"ITGB3;AKT3"
"585","ceforanide-3309-up","2/100",0.0162624064321538,0.0716327440440343,0,0,10.9558742415885,45.1261415257865,"ITGB3;AKT3"
"586","dantrolene-2329-up","2/100",0.0162624064321538,0.0716327440440343,0,0,10.9558742415885,45.1261415257865,"ITGB3;BCAT1"
"587","riluzole-2295-up","2/100",0.0162624064321538,0.0716327440440343,0,0,10.9558742415885,45.1261415257865,"SYT11;AKT3"
"588","guanfacine-5621-up","2/100",0.0162624064321538,0.0716327440440343,0,0,10.9558742415885,45.1261415257865,"ITGB3;IFFO1"
"589","fluorocurarine-6083-up","2/100",0.0162624064321538,0.0716327440440343,0,0,10.9558742415885,45.1261415257865,"CSF1;ITGB3"
"590","LY-294002-1661-up","2/100",0.0162624064321538,0.0716327440440343,0,0,10.9558742415885,45.1261415257865,"CALHM2;TCP11L1"
"591","trichostatin A-5625-up","2/100",0.0162624064321538,0.0716327440440343,0,0,10.9558742415885,45.1261415257865,"CCDC88A;SYT11"
"592","dinoprost-3308-up","2/100",0.0162624064321538,0.0716327440440343,0,0,10.9558742415885,45.1261415257865,"CSF1;CDK14"
"593","fluoxetine-6757-up","2/100",0.0162624064321538,0.0716327440440343,0,0,10.9558742415885,45.1261415257865,"ITGB3;IFFO1"
"594","vinpocetine-7213-up","2/100",0.0162624064321538,0.0716327440440343,0,0,10.9558742415885,45.1261415257865,"BTN2A2;TCP11L1"
"595","cyclic adenosine monophosphate-3531-up","2/100",0.0162624064321538,0.0716327440440343,0,0,10.9558742415885,45.1261415257865,"ITGB3;TCP11L1"
"596","ciprofloxacin-1939-up","2/100",0.0162624064321538,0.0716327440440343,0,0,10.9558742415885,45.1261415257865,"DOCK10;FHL3"
"597","spectinomycin-3327-up","2/100",0.0162624064321538,0.0716327440440343,0,0,10.9558742415885,45.1261415257865,"ITGB3;PML"
"598","cyproterone-4470-up","2/100",0.0162624064321538,0.0716327440440343,0,0,10.9558742415885,45.1261415257865,"NRP2;TCP11L1"
"599","valdecoxib-6408-up","2/100",0.0162624064321538,0.0716327440440343,0,0,10.9558742415885,45.1261415257865,"CSF1;TCP11L1"
"600","flumequine-1429-up","2/100",0.0162624064321538,0.0716327440440343,0,0,10.9558742415885,45.1261415257865,"PML;RAB8B"
"601","sisomicin-2493-up","2/100",0.0162624064321538,0.0716327440440343,0,0,10.9558742415885,45.1261415257865,"BTN2A2;PML"
"602","sulfinpyrazone-6230-up","2/100",0.0162624064321538,0.0716327440440343,0,0,10.9558742415885,45.1261415257865,"AKT3;COL8A1"
"603","chlorhexidine-5403-up","2/100",0.0162624064321538,0.0716327440440343,0,0,10.9558742415885,45.1261415257865,"BCAT1;PML"
"604","zidovudine-5333-up","2/100",0.0162624064321538,0.0716327440440343,0,0,10.9558742415885,45.1261415257865,"NRP2;COL8A1"
"605","SR-95531-3253-up","2/100",0.0162624064321538,0.0716327440440343,0,0,10.9558742415885,45.1261415257865,"DOK1;TCP11L1"
"606","adrenosterone-5045-up","2/100",0.0162624064321538,0.0716327440440343,0,0,10.9558742415885,45.1261415257865,"NRP2;TCP11L1"
"607","kinetin-6073-up","2/100",0.0162624064321538,0.0716327440440343,0,0,10.9558742415885,45.1261415257865,"ITGB3;PML"
"608","acenocoumarol-5878-up","2/100",0.0162624064321538,0.0716327440440343,0,0,10.9558742415885,45.1261415257865,"EVC;PML"
"609","abamectin-6081-up","2/100",0.0162624064321538,0.0716327440440343,0,0,10.9558742415885,45.1261415257865,"NRP2;PML"
"610","CP-863187-7508-up","2/100",0.0162624064321538,0.0716327440440343,0,0,10.9558742415885,45.1261415257865,"CALHM2;CHST7"
"611","trichostatin A-1072-up","2/100",0.0162624064321538,0.0716327440440343,0,0,10.9558742415885,45.1261415257865,"SYT11;RAB8B"
"612","acetylsalicylsalicylic acid-6778-up","2/100",0.0162624064321538,0.0716327440440343,0,0,10.9558742415885,45.1261415257865,"ITGB3;COL8A1"
"613","valproic acid-994-up","2/100",0.0162624064321538,0.0716327440440343,0,0,10.9558742415885,45.1261415257865,"BTN2A2;RAB8B"
"614","alprostadil-7358-up","2/100",0.0162624064321538,0.0716327440440343,0,0,10.9558742415885,45.1261415257865,"CLIP4;TCP11L1"
"615","hyoscyamine-2271-up","2/100",0.0162624064321538,0.0716327440440343,0,0,10.9558742415885,45.1261415257865,"CSF1;PDLIM4"
"616","benzylpenicillin-3577-up","2/100",0.0162624064321538,0.0716327440440343,0,0,10.9558742415885,45.1261415257865,"TCP11L1;PDLIM4"
"617","nizatidine-6305-up","2/100",0.0162624064321538,0.0716327440440343,0,0,10.9558742415885,45.1261415257865,"STX2;PDLIM4"
"618","clofazimine-4682-up","2/100",0.0162624064321538,0.0716327440440343,0,0,10.9558742415885,45.1261415257865,"DOCK10;IFFO1"
"619","trichostatin A-6891-up","2/100",0.0162624064321538,0.0716327440440343,0,0,10.9558742415885,45.1261415257865,"SYT11;STX2"
"620","homatropine-5058-up","2/100",0.0162624064321538,0.0716327440440343,0,0,10.9558742415885,45.1261415257865,"NRP2;PML"
"621","dinoprost-5409-up","2/100",0.0162624064321538,0.0716327440440343,0,0,10.9558742415885,45.1261415257865,"DOCK10;NRP2"
"622","PNU-0251126-4711-up","2/100",0.0162624064321538,0.0716327440440343,0,0,10.9558742415885,45.1261415257865,"NRP2;TCP11L1"
"623","pentoxifylline-2127-up","2/100",0.0162624064321538,0.0716327440440343,0,0,10.9558742415885,45.1261415257865,"STX2;PDLIM4"
"624","triprolidine-7248-up","2/100",0.0162624064321538,0.0716327440440343,0,0,10.9558742415885,45.1261415257865,"GPR176;NAV3"
"625","santonin-3877-up","2/100",0.0162624064321538,0.0716327440440343,0,0,10.9558742415885,45.1261415257865,"IFFO1;PML"
